nom,email,telephone,adresse,code_insee,site_web
Agence départementale d'information sur le logement (ADIL) - Loire-Atlantique - Nantes,contact@adil44.fr,"[{""valeur"": ""02 40 89 30 15"", ""description"": ""tapez 2""}]","[{""type_adresse"": ""Adresse"", ""complement1"": ""Maison de l'habitant"", ""complement2"": """", ""numero_voie"": ""12 rue du Président-Herriot"", ""service_distribution"": """", ""code_postal"": ""44000"", ""nom_commune"": ""Nantes"", ""pays"": ""France"", ""continent"": ""Europe"", ""longitude"": ""-1.560205"", ""latitude"": ""47.219109""}]",44109,"[{""libelle"": """", ""valeur"": ""https://www.adil44.fr/""}]"
Agence départementale d'information sur le logement (ADIL) - Allier - Moulins,contact@adil03.org,"[{""valeur"": ""04 70 20 44 10"", ""description"": """"}]","[{""type_adresse"": ""Adresse"", ""complement1"": """", ""complement2"": """", ""numero_voie"": ""27 rue de Villars"", ""service_distribution"": """", ""code_postal"": ""03000"", ""nom_commune"": ""Moulins"", ""pays"": ""France"", ""continent"": ""Europe"", ""longitude"": ""3.336482"", ""latitude"": ""46.561176""}]",03190,"[{""libelle"": """", ""valeur"": ""https://www.adil03.org/""}]"
Agence départementale d'information sur le logement (ADIL) - Ille-et-Vilaine,contact@adil35.org,"[{""valeur"": ""02 99 78 27 27"", ""description"": """"}]","[{""type_adresse"": ""Adresse"", ""complement1"": """", ""complement2"": """", ""numero_voie"": ""22 rue Poullain-Duparc"", ""service_distribution"": """", ""code_postal"": ""35000"", ""nom_commune"": ""Rennes"", ""pays"": ""France"", ""continent"": ""Europe"", ""longitude"": ""-1.681239"", ""latitude"": ""48.1086006""}]",35238,"[{""libelle"": """", ""valeur"": ""https://www.adil35.org/""}]"
Agence départementale d'information sur le logement (ADIL) - Allier - Vichy,contact@adil03.org,"[{""valeur"": ""04 70 98 18 45"", ""description"": """"}]","[{""type_adresse"": ""Adresse"", ""complement1"": ""Maison de l'habitat"", ""complement2"": """", ""numero_voie"": ""9 place Charles-de-Gaulle"", ""service_distribution"": """", ""code_postal"": ""03200"", ""nom_commune"": ""Vichy"", ""pays"": ""France"", ""continent"": ""Europe"", ""longitude"": ""3.42632"", ""latitude"": ""46.1246""}]",03310,"[{""libelle"": """", ""valeur"": ""https://www.adil03.org""}]"
Agence départementale d'information sur le logement (ADIL) - Seine-Saint-Denis,adil93@adil93.com,"[{""valeur"": ""01 48 51 17 45"", ""description"": """"}]","[{""type_adresse"": ""Adresse"", ""complement1"": """", ""complement2"": """", ""numero_voie"": ""6-8 rue Gaston-Lauriau"", ""service_distribution"": """", ""code_postal"": ""93100"", ""nom_commune"": ""Montreuil"", ""pays"": ""France"", ""continent"": ""Europe"", ""longitude"": ""2.4439901"", ""latitude"": ""48.8606143""}]",93048,"[{""libelle"": """", ""valeur"": ""https://www.adil93.org""}]"
Agence départementale d'information sur le logement (ADIL) - Saône-et-Loire - Mâcon,adil71@adil71.org,"[{""valeur"": ""03 85 39 30 70"", ""description"": """"}]","[{""type_adresse"": ""Adresse"", ""complement1"": """", ""complement2"": """", ""numero_voie"": ""94 rue de Lyon"", ""service_distribution"": """", ""code_postal"": ""71000"", ""nom_commune"": ""Mâcon"", ""pays"": ""France"", ""continent"": ""Europe"", ""longitude"": ""4.820733"", ""latitude"": ""46.297136""}]",71270,"[{""libelle"": """", ""valeur"": ""https://www.adil71.org""}]"
Agence départementale d'information sur le logement (ADIL) - Lot,adildulot@gmail.com,"[{""valeur"": ""05 65 35 25 41"", ""description"": """"}]","[{""type_adresse"": ""Adresse"", ""complement1"": """", ""complement2"": """", ""numero_voie"": ""64 boulevard Gambetta"", ""service_distribution"": """", ""code_postal"": ""46000"", ""nom_commune"": ""Cahors"", ""pays"": ""France"", ""continent"": ""Europe"", ""longitude"": ""1.44200003147"", ""latitude"": ""44.4435005188""}]",46042,"[{""libelle"": """", ""valeur"": ""https://www.adil46.org/""}]"
Agence d'information sur le logement de Corse - antenne de Bastia,adil2b@orange.fr,"[{""valeur"": ""04 95 58 15 32"", ""description"": """"}]","[{""type_adresse"": ""Adresse"", ""complement1"": """", ""complement2"": """", ""numero_voie"": ""4 rue de l'Annonciade"", ""service_distribution"": """", ""code_postal"": ""20200"", ""nom_commune"": ""Bastia"", ""pays"": ""France"", ""continent"": ""Europe"", ""longitude"": ""9.448906"", ""latitude"": ""42.703208""}]",2B033,"[{""libelle"": """", ""valeur"": ""https://www.adil2b.org/""}]"
Agence départementale d'information sur le logement (ADIL) - Réunion,courrier@adil974.com,"[{""valeur"": ""02 62 41 14 24"", ""description"": """"}]","[{""type_adresse"": ""Adresse"", ""complement1"": """", ""complement2"": """", ""numero_voie"": ""24 rue Henri-Vavasseur"", ""service_distribution"": """", ""code_postal"": ""97400"", ""nom_commune"": ""Saint-Denis"", ""pays"": ""France"", ""continent"": ""Europe"", ""longitude"": ""55.4593516"", ""latitude"": ""-20.8805974""}]",97411,"[{""libelle"": """", ""valeur"": ""https://www.adil974.com/""}]"
Agence départementale d'information sur le logement (ADIL) - Seine-Maritime - Rouen,contactadil@adil76.org,"[{""valeur"": ""02 35 72 58 50"", ""description"": ""L'accueil téléphonique se fait du lundi au vendredi de 08h30 à 13h00.""}]","[{""type_adresse"": ""Adresse"", ""complement1"": """", ""complement2"": """", ""numero_voie"": ""216 boulevard de Strasbourg"", ""service_distribution"": """", ""code_postal"": ""76600"", ""nom_commune"": ""Le Havre"", ""pays"": ""France"", ""continent"": ""Europe"", ""longitude"": ""1.078898"", ""latitude"": ""49.431899""}]",76540,"[{""libelle"": """", ""valeur"": ""https://adil76.org/""}]"
Agence départementale d'information sur le logement (ADIL) - Val-d'Oise - Cergy-Pontoise,contact@adil95.org,"[{""valeur"": ""01 87 49 03 33"", ""description"": """"}]","[{""type_adresse"": ""Adresse"", ""complement1"": ""Rue des Châteaux-Saint-Sylvère"", ""complement2"": ""Bâtiment G"", ""numero_voie"": ""Résidence La Croix-Saint Sylvère"", ""service_distribution"": """", ""code_postal"": ""95000"", ""nom_commune"": ""Cergy-Pontoise"", ""pays"": ""France"", ""continent"": ""Europe"", ""longitude"": ""2.0767885"", ""latitude"": ""49.0323031""}]",95127,"[{""libelle"": """", ""valeur"": ""https://www.adil95.org/""}]"
Agence départementale d'information sur le logement (ADIL) - Vaucluse,conseils@adil84.fr,"[{""valeur"": ""04 90 16 34 34"", ""description"": """"}]","[{""type_adresse"": ""Adresse"", ""complement1"": """", ""complement2"": """", ""numero_voie"": ""2 rue Saint-Étienne"", ""service_distribution"": """", ""code_postal"": ""84000"", ""nom_commune"": ""Avignon"", ""pays"": ""France"", ""continent"": ""Europe"", ""longitude"": ""4.80389022827"", ""latitude"": ""43.9505004883""}]",84007,"[{""libelle"": """", ""valeur"": ""https://www.adil84.fr""}]"
Agence départementale d'information sur le logement (ADIL) - Puy-de-Dôme,contact@adil63.org,"[{""valeur"": ""04 73 42 30 75"", ""description"": """"}]","[{""type_adresse"": ""Adresse"", ""complement1"": ""Maison de l'habitat"", ""complement2"": """", ""numero_voie"": ""129 avenue de la République"", ""service_distribution"": """", ""code_postal"": ""63100"", ""nom_commune"": ""Clermont-Ferrand"", ""pays"": ""France"", ""continent"": ""Europe"", ""longitude"": ""3.1076746"", ""latitude"": ""45.8199568""}]",63113,"[{""libelle"": """", ""valeur"": ""https://www.adil63.org/""}]"
Agence départementale d'information sur le logement (ADIL) - Saône-et-Loire - Le Creusot,adil71@adil71.org,"[{""valeur"": ""03 85 39 30 70"", ""description"": ""tapez 1, du lundi, mardi, jeudi, vendredi de 9h à 12h15 et de 13h à 17h (sauf vendredi 16h30) et le mercredi de 9h à 12h et de 13h30 à 17h""}]","[{""type_adresse"": ""Adresse"", ""complement1"": ""Maison des Parents"", ""complement2"": """", ""numero_voie"": ""70 avenue de la République"", ""service_distribution"": """", ""code_postal"": ""71200"", ""nom_commune"": ""Le Creusot"", ""pays"": ""France"", ""continent"": ""Europe"", ""longitude"": ""4.4428589"", ""latitude"": ""46.8061631""}]",71153,"[{""libelle"": """", ""valeur"": ""https://www.adil71.org/""}]"
Agence départementale d'information sur le logement (ADIL) - Val-de-Marne,info@adil94.org,"[{""valeur"": ""01 48 98 03 48"", ""description"": """"}]","[{""type_adresse"": ""Adresse"", ""complement1"": """", ""complement2"": """", ""numero_voie"": ""48 avenue Pierre-Brossolette"", ""service_distribution"": """", ""code_postal"": ""94000"", ""nom_commune"": ""Créteil"", ""pays"": ""France"", ""continent"": ""Europe"", ""longitude"": ""2.46358990669"", ""latitude"": ""48.7902984619""}]",94028,"[{""libelle"": """", ""valeur"": ""https://www.adil94.org""}]"
Agence départementale d'information sur le logement (ADIL) - Nord - Lille,contact@adilnpdc.fr,"[{""valeur"": ""03 59 61 62 59"", ""description"": ""du lundi au vendredi de 08h30 à 12h30 et de 13h30 à 17h30, coût d'un appel local""}]","[{""type_adresse"": ""Adresse"", ""complement1"": ""Maison de l'habitat durable"", ""complement2"": """", ""numero_voie"": ""7 bis rue Racine"", ""service_distribution"": """", ""code_postal"": ""59000"", ""nom_commune"": ""Lille"", ""pays"": ""France"", ""continent"": ""Europe"", ""longitude"": ""3.07009005547"", ""latitude"": ""50.6313018799""}]",59350,"[{""libelle"": """", ""valeur"": ""https://www.adilnpdc.fr/""}]"
Agence départementale d'information sur le logement (ADIL) - Loire-Atlantique - Saint-Nazaire,contact.stnazaire@adil44.fr,"[{""valeur"": ""02 40 66 80 29"", ""description"": """"}]","[{""type_adresse"": ""Adresse"", ""complement1"": """", ""complement2"": """", ""numero_voie"": ""14 avenue Albert-de-Mun"", ""service_distribution"": """", ""code_postal"": ""44600"", ""nom_commune"": ""Saint-Nazaire"", ""pays"": ""France"", ""continent"": ""Europe"", ""longitude"": ""-2.2077159"", ""latitude"": ""47.2781677""}]",44184,"[{""libelle"": """", ""valeur"": ""https://www.adil44.fr/""}]"
Agence départementale d'information sur le logement (ADIL) - Nord - Dunkerque,contact@adilnpdc.fr,"[{""valeur"": ""03 59 61 62 59"", ""description"": ""du lundi au vendredi de 08h30 à 12h30 et de 13h30 à 17h30, coût d'un appel local""}]","[{""type_adresse"": ""Adresse"", ""complement1"": """", ""complement2"": """", ""numero_voie"": ""1 rue de Beaumont"", ""service_distribution"": """", ""code_postal"": ""59140"", ""nom_commune"": ""Dunkerque"", ""pays"": ""France"", ""continent"": ""Europe"", ""longitude"": ""2.3785254"", ""latitude"": ""51.0326241""}]",59183,"[{""libelle"": """", ""valeur"": ""https://www.adilnpdc.fr/""}]"
Agence départementale d'information sur le logement (ADIL) - Hauts-de-Seine - Nanterre,adil92@adil92.org,"[{""valeur"": ""01 41 45 06 10"", ""description"": """"}]","[{""type_adresse"": ""Adresse"", ""complement1"": """", ""complement2"": """", ""numero_voie"": ""5 boulevard des Bouvets"", ""service_distribution"": """", ""code_postal"": ""92000"", ""nom_commune"": ""Nanterre"", ""pays"": ""France"", ""continent"": ""Europe"", ""longitude"": ""2.22152240000003"", ""latitude"": ""48.897921""}]",92050,"[{""libelle"": """", ""valeur"": ""https://www.adil92.org/""}]"
Agence départementale d'information sur le logement (ADIL) - Martinique,adilmartinique@adil972.org,"[{""valeur"": ""05 96 71 48 45"", ""description"": """"}]","[{""type_adresse"": ""Adresse"", ""complement1"": ""Immeuble Collier-Choux"", ""complement2"": ""Résidence de la Pointe"", ""numero_voie"": ""13 rue du Commerce"", ""service_distribution"": """", ""code_postal"": ""97200"", ""nom_commune"": ""Fort-de-France"", ""pays"": ""France"", ""continent"": ""Europe"", ""longitude"": ""-61.0731052"", ""latitude"": ""14.6029099""}]",97209,"[{""libelle"": """", ""valeur"": ""https://www.adilmartinique.org/""}]"
Agence départementale d'information sur le logement (ADIL) - Doubs - Montbéliard,contact@maisonhabitatdoubs.fr,"[{""valeur"": ""03 81 68 37 68"", ""description"": """"}]","[{""type_adresse"": ""Adresse"", ""complement1"": """", ""complement2"": """", ""numero_voie"": ""1 chemin de Ronde-du-Fort-Griffon"", ""service_distribution"": """", ""code_postal"": ""25000"", ""nom_commune"": ""Besançon"", ""pays"": ""France"", ""continent"": ""Europe"", ""longitude"": ""6.01984596"", ""latitude"": ""47.2428474""}]",25228,"[{""libelle"": """", ""valeur"": ""https://www.maisonhabitatdoubs.fr/adil-du-doubs/""}]"
Agence départementale d'information sur le logement (ADIL) - Gard,courrier@adil30.org,"[{""valeur"": ""04 66 21 22 23"", ""description"": """"}]","[{""type_adresse"": ""Adresse"", ""complement1"": ""association d'information sur le logement (ADIL)"", ""complement2"": """", ""numero_voie"": ""7 rue Nationale"", ""service_distribution"": """", ""code_postal"": ""30000"", ""nom_commune"": ""Nîmes"", ""pays"": ""France"", ""continent"": ""Europe"", ""longitude"": ""4.362077"", ""latitude"": ""43.839485""}]",30189,"[{""libelle"": """", ""valeur"": ""https://www.adil30.org/""}]"
Agence départementale d'information sur le logement (ADIL) - Guadeloupe,secretariat@adil971.org,"[{""valeur"": ""05 90 89 43 63"", ""description"": """"}]","[{""type_adresse"": ""Adresse"", ""complement1"": ""Résidence Loïc-Petit"", ""complement2"": ""Ilôt 5 n°501 Bergevin"", ""numero_voie"": ""Rue Ho-Chi-Minh"", ""service_distribution"": """", ""code_postal"": ""97110"", ""nom_commune"": ""Pointe-à-Pitre"", ""pays"": ""France"", ""continent"": ""Europe"", ""longitude"": ""-61.540592193603516"", ""latitude"": ""16.246063232421875""}]",97101,"[{""libelle"": """", ""valeur"": ""https://www.adil971.org/""}]"
Agence départementale d'information sur le logement (ADIL) - Vienne - Poitiers,conseils@adil86.com,"[{""valeur"": ""05 49 88 31 93"", ""description"": """"}]","[{""type_adresse"": ""Adresse"", ""complement1"": """", ""complement2"": """", ""numero_voie"": ""2 avenue René-Cassin"", ""service_distribution"": """", ""code_postal"": ""86360"", ""nom_commune"": ""Chasseneuil-du-Poitou"", ""pays"": ""France"", ""continent"": ""Europe"", ""longitude"": ""0.3365153"", ""latitude"": ""46.5808879""}]",86194,"[{""libelle"": """", ""valeur"": ""https://www.adil86.com""}]"
Agence départementale d'information sur le logement (ADIL) - Vienne - Châtellerault,conseils@adil86.com,"[{""valeur"": ""05 49 23 50 24"", ""description"": """"}]","[{""type_adresse"": ""Adresse"", ""complement1"": """", ""complement2"": """", ""numero_voie"": ""57 boulevard Blossac"", ""service_distribution"": """", ""code_postal"": ""86100"", ""nom_commune"": ""Châtellerault"", ""pays"": ""France"", ""continent"": ""Europe"", ""longitude"": ""0.5447341"", ""latitude"": ""46.8167794""}]",86066,"[{""libelle"": """", ""valeur"": ""https://www.adil86.com/""}]"
Agence départementale d'information sur le logement (ADIL) - Hautes-Alpes,accueil@adil05.org,"[{""valeur"": ""04 92 21 05 98"", ""description"": """"}]","[{""type_adresse"": ""Adresse"", ""complement1"": """", ""complement2"": """", ""numero_voie"": ""66 Boulevard Georges Pompidou"", ""service_distribution"": """", ""code_postal"": ""05000"", ""nom_commune"": ""Gap"", ""pays"": ""France"", ""continent"": ""Europe"", ""longitude"": ""6.081618"", ""latitude"": ""44.557694""}]",05061,"[{""libelle"": """", ""valeur"": ""https://adil04-05.org/""}]"
Agence départementale d'information sur le logement (ADIL) - Savoie,accueil@adil73.org,"[{""valeur"": ""04 79 69 90 20"", ""description"": """"}]","[{""type_adresse"": ""Adresse"", ""complement1"": ""Bâtiment Évolution"", ""complement2"": """", ""numero_voie"": ""25 rue Jean-Pellerin"", ""service_distribution"": """", ""code_postal"": ""73000"", ""nom_commune"": ""Chambéry"", ""pays"": ""France"", ""continent"": ""Europe"", ""longitude"": ""5.922512"", ""latitude"": ""45.579683""}]",73065,"[{""libelle"": """", ""valeur"": ""https://www.adil73.org/""}]"
Agence départementale d'information sur le logement (ADIL) - Haut-Rhin - Mulhouse,contact@adil68.fr,"[{""valeur"": ""03 89 46 79 50"", ""description"": """"}]","[{""type_adresse"": ""Adresse"", ""complement1"": """", ""complement2"": """", ""numero_voie"": ""83 rue koechlin"", ""service_distribution"": """", ""code_postal"": ""68100"", ""nom_commune"": ""Mulhouse"", ""pays"": ""France"", ""continent"": ""Europe"", ""longitude"": ""7.334939"", ""latitude"": ""47.748001""}]",68224,"[{""libelle"": """", ""valeur"": ""https://www.adil68.org/""}]"
Agence départementale d'information sur le logement (ADIL) - Orne,adil61@wanadoo.fr,"[{""valeur"": ""02 33 32 94 76"", ""description"": """"}]","[{""type_adresse"": ""Adresse"", ""complement1"": """", ""complement2"": """", ""numero_voie"": ""88 rue Saint-Blaise"", ""service_distribution"": """", ""code_postal"": ""61000"", ""nom_commune"": ""Alençon"", ""pays"": ""France"", ""continent"": ""Europe"", ""longitude"": ""0.0928005"", ""latitude"": ""48.4333006""}]",61001,"[{""libelle"": """", ""valeur"": ""https://www.adil61.org/""}]"
Agence départementale d'information sur le logement (ADIL) - Essonne,contact@adil91.com,"[{""valeur"": ""01 60 77 21 22"", ""description"": """"}]","[{""type_adresse"": ""Adresse"", ""complement1"": ""Maison départementale de l'habitat"", ""complement2"": """", ""numero_voie"": ""1 boulevard de l'Écoute-S'Il-Pleut"", ""service_distribution"": """", ""code_postal"": ""91000"", ""nom_commune"": ""Évry"", ""pays"": ""France"", ""continent"": ""Europe"", ""longitude"": ""2.42167"", ""latitude"": ""48.6349""}]",91228,"[{""libelle"": """", ""valeur"": ""https://www.adil91.org/""}]"
Agence départementale d'information sur le logement (ADIL) - Haute-Saône,contact@adil70-90.fr,"[{""valeur"": ""03 84 75 60 19"", ""description"": ""accueil téléphonique du lundi au vendredi de 9h00 à 12h30 et 13h30 à 17h""}]","[{""type_adresse"": ""Adresse"", ""complement1"": """", ""complement2"": """", ""numero_voie"": ""30 place Pierre-Renet"", ""service_distribution"": """", ""code_postal"": ""70000"", ""nom_commune"": ""Vesoul"", ""pays"": ""France"", ""continent"": ""Europe"", ""longitude"": ""6.1598029"", ""latitude"": ""47.6201961""}]",70550,"[{""libelle"": """", ""valeur"": ""https://www.adil70.org/""}]"
Agence départementale d'information sur le logement (ADIL) - Vendée,contact@adil85.org,"[{""valeur"": ""02 51 44 78 78"", ""description"": """"}]","[{""type_adresse"": ""Adresse"", ""complement1"": """", ""complement2"": """", ""numero_voie"": ""33 rue de l'Atlantique"", ""service_distribution"": """", ""code_postal"": ""85000"", ""nom_commune"": ""La Roche-sur-Yon"", ""pays"": ""France"", ""continent"": ""Europe"", ""longitude"": ""-1.4465886"", ""latitude"": ""46.6852042""}]",85191,"[{""libelle"": """", ""valeur"": ""https://www.adil85.org""}]"
Agence départementale d'information sur le logement (ADIL) - Loiret et Eure-et-Loir,adil@adil45-28.org,"[{""valeur"": ""02 38 62 47 07"", ""description"": ""Du lundi au jeudi de 8h45 à 12h et de 13h30 à 17h30 et le vendredi de 8h30 à 12h et de 13h30 à 16h.""}]","[{""type_adresse"": ""Adresse"", ""complement1"": """", ""complement2"": """", ""numero_voie"": ""1 bis rue Saint-Euverte"", ""service_distribution"": """", ""code_postal"": ""45000"", ""nom_commune"": ""Orléans"", ""pays"": ""France"", ""continent"": ""Europe"", ""longitude"": ""1.916619"", ""latitude"": ""47.902655""}]",45234,"[{""libelle"": """", ""valeur"": ""https://www.adil45-28.org/""}]"
Agence départementale d'information sur le logement (ADIL) - Mayenne,contact@adil53.fr,"[{""valeur"": ""02 43 69 57 00"", ""description"": """"}]","[{""type_adresse"": ""Adresse"", ""complement1"": """", ""complement2"": """", ""numero_voie"": ""19 rue de l'Ancien-Évêché"", ""service_distribution"": """", ""code_postal"": ""53000"", ""nom_commune"": ""Laval"", ""pays"": ""France"", ""continent"": ""Europe"", ""longitude"": ""-0.774404"", ""latitude"": ""48.066183""}]",53130,"[{""libelle"": """", ""valeur"": ""https://www.adil53.org/""}]"
Agence départementale d'information sur le logement (ADIL) - Paris,info@adil75.org,"[{""valeur"": ""01 42 79 50 50"", ""description"": """"}]","[{""type_adresse"": ""Adresse"", ""complement1"": """", ""complement2"": """", ""numero_voie"": ""46 bis boulevard Edgar-Quinet"", ""service_distribution"": """", ""code_postal"": ""75014"", ""nom_commune"": ""Paris"", ""pays"": ""France"", ""continent"": ""Europe"", ""longitude"": ""2.32674002647"", ""latitude"": ""48.8405990601""}]",75114,"[{""libelle"": """", ""valeur"": ""https://www.adil75.org""}]"
Agence départementale d'information sur le logement (ADIL) - Indre,contact@adil36.org,"[{""valeur"": ""02 54 27 37 37"", ""description"": """"}]","[{""type_adresse"": ""Adresse"", ""complement1"": ""Bâtiment I"", ""complement2"": """", ""numero_voie"": ""1 place Eugène-Rolland"", ""service_distribution"": """", ""code_postal"": ""36000"", ""nom_commune"": ""Châteauroux"", ""pays"": ""France"", ""continent"": ""Europe"", ""longitude"": ""1.703094"", ""latitude"": ""46.8102377""}]",36044,"[{""libelle"": """", ""valeur"": ""https://www.adil36.org/""}]"
Agence départementale d'information sur le logement (ADIL) - Dordogne,contact@adil24.org,"[{""valeur"": ""05 53 09 89 89"", ""description"": """"}]","[{""type_adresse"": ""Adresse"", ""complement1"": """", ""complement2"": """", ""numero_voie"": ""175 rue Martha-Desrumaux"", ""service_distribution"": """", ""code_postal"": ""24000"", ""nom_commune"": ""Périgueux"", ""pays"": ""France"", ""continent"": ""Europe"", ""longitude"": ""0.705298"", ""latitude"": ""45.189032""}]",24322,"[{""libelle"": """", ""valeur"": ""https://www.adil24.org/""}]"
Agence départementale d'information sur le logement (ADIL) - Nord - Roubaix,contact@adilnpdc.fr,"[{""valeur"": ""03 59 61 62 59"", ""description"": """"}]","[{""type_adresse"": ""Adresse"", ""complement1"": """", ""complement2"": """", ""numero_voie"": ""9-11 rue des Fabricants"", ""service_distribution"": """", ""code_postal"": ""59100"", ""nom_commune"": ""Roubaix"", ""pays"": ""France"", ""continent"": ""Europe"", ""longitude"": ""3.1714873"", ""latitude"": ""50.6902183""}]",59512,"[{""libelle"": """", ""valeur"": ""https://www.adilnord.fr""}]"
Agence départementale d'information sur le logement (ADIL) - Seine-et-Marne - Melun,info@adil77.org,"[{""valeur"": ""01 64 87 09 87"", ""description"": """"}]","[{""type_adresse"": ""Adresse"", ""complement1"": """", ""complement2"": """", ""numero_voie"": ""9 place Praslin"", ""service_distribution"": """", ""code_postal"": ""77000"", ""nom_commune"": ""Melun"", ""pays"": ""France"", ""continent"": ""Europe"", ""longitude"": ""2.657248"", ""latitude"": ""48.536985""}]",77288,"[{""libelle"": """", ""valeur"": ""https://www.adil77.org/""}]"
Agence départementale d'information sur le logement (ADIL) - Oise,contact@adil60.fr,"[{""valeur"": ""03 44 48 61 30"", ""description"": ""La permanence téléphonique vous accueille du lundi au vendredi de 9h00 à 12h30 et de 13h30 à 17h00.""}]","[{""type_adresse"": ""Adresse"", ""complement1"": """", ""complement2"": """", ""numero_voie"": ""17 rue Jean-Racine"", ""service_distribution"": """", ""code_postal"": ""60000"", ""nom_commune"": ""Beauvais"", ""pays"": ""France"", ""continent"": ""Europe"", ""longitude"": ""2.0819433"", ""latitude"": ""49.4330956""}]",60057,"[{""libelle"": """", ""valeur"": ""https://www.adil60.org/""}]"
Agence départementale d'information sur le logement (ADIL) - Ain,adil@adil01.fr,"[{""valeur"": ""04 74 21 82 77"", ""description"": """"}]","[{""type_adresse"": ""Adresse"", ""complement1"": """", ""complement2"": """", ""numero_voie"": ""34 rue du Général-Delestraint"", ""service_distribution"": """", ""code_postal"": ""01000"", ""nom_commune"": ""Bourg-en-Bresse"", ""pays"": ""France"", ""continent"": ""Europe"", ""longitude"": ""5.2191997"", ""latitude"": ""46.196535""}]",01053,"[{""libelle"": """", ""valeur"": ""https://www.adil01.org/""}]"
Agence départementale d'information sur le logement (ADIL) - Rhône - Lyon,contact@adilrhone.org,"[{""valeur"": ""04 78 52 84 84"", ""description"": """"}]","[{""type_adresse"": ""Adresse"", ""complement1"": """", ""complement2"": """", ""numero_voie"": ""9 rue Vauban"", ""service_distribution"": """", ""code_postal"": ""69006"", ""nom_commune"": ""Lyon"", ""pays"": ""France"", ""continent"": ""Europe"", ""longitude"": ""4.842974"", ""latitude"": ""45.764888""}]",69386,"[{""libelle"": """", ""valeur"": ""https://www.adil69.org/""}]"
Agence départementale d'information sur le logement (ADIL) - Finistère - Quimper,adil29@adil29.org,"[{""valeur"": ""02 98 46 37 38"", ""description"": """"}]","[{""type_adresse"": ""Adresse"", ""complement1"": """", ""complement2"": """", ""numero_voie"": ""23 rue Jean-Jaurès"", ""service_distribution"": """", ""code_postal"": ""29000"", ""nom_commune"": ""Quimper"", ""pays"": ""France"", ""continent"": ""Europe"", ""longitude"": ""-4.09874010086"", ""latitude"": ""47.9934997559""}]",29232,"[{""libelle"": """", ""valeur"": ""https://www.adil29.org/""}]"
Agence départementale d'information sur le logement (ADIL) - Nord - Valenciennes,contact@adilnpdc.fr,"[{""valeur"": ""03 59 61 62 59"", ""description"": """"}]","[{""type_adresse"": ""Adresse"", ""complement1"": """", ""complement2"": """", ""numero_voie"": ""32 avenue Albert-1er"", ""service_distribution"": """", ""code_postal"": ""59300"", ""nom_commune"": ""Valenciennes"", ""pays"": ""France"", ""continent"": ""Europe"", ""longitude"": ""3.526672"", ""latitude"": ""50.359122""}]",59606,"[{""libelle"": """", ""valeur"": ""https://www.adilnord.fr/""}]"
Agence départementale d'information sur le logement (ADIL) - Lozère,contact.adil48@orange.fr,"[{""valeur"": ""04 66 49 36 65"", ""description"": """"}]","[{""type_adresse"": ""Adresse"", ""complement1"": """", ""complement2"": """", ""numero_voie"": ""12 bis avenue du Maréchal-Foch"", ""service_distribution"": """", ""code_postal"": ""48000"", ""nom_commune"": ""Mende"", ""pays"": ""France"", ""continent"": ""Europe"", ""longitude"": ""3.49762010574"", ""latitude"": ""44.5163002014""}]",48095,"[{""libelle"": """", ""valeur"": ""https://www.adil48.org/""}]"
Agence départementale d'information sur le logement (ADIL) - Haut-Rhin - Colmar,contact@adil68.fr,"[{""valeur"": ""03 89 21 75 35"", ""description"": """"}]","[{""type_adresse"": ""Adresse"", ""complement1"": """", ""complement2"": """", ""numero_voie"": ""16 A avenue de la Liberté"", ""service_distribution"": """", ""code_postal"": ""68000"", ""nom_commune"": ""Colmar"", ""pays"": ""France"", ""continent"": ""Europe"", ""longitude"": ""7.341475"", ""latitude"": ""48.076494""}]",68066,"[{""libelle"": """", ""valeur"": ""https://www.adil68.org""}]"
Agence départementale d'information sur le logement (ADIL) - Allier - Montluçon,contact@adil03.org,"[{""valeur"": ""04 70 28 42 04"", ""description"": """"}]","[{""type_adresse"": ""Adresse"", ""complement1"": """", ""complement2"": """", ""numero_voie"": ""4 quai Turgot"", ""service_distribution"": """", ""code_postal"": ""03100"", ""nom_commune"": ""Montluçon"", ""pays"": ""France"", ""continent"": ""Europe"", ""longitude"": ""2.59243988991"", ""latitude"": ""46.3431015015""}]",03185,"[{""libelle"": """", ""valeur"": ""https://www.adil03.org""}]"
Agence départementale d'information sur le logement (ADIL) - Var - Draguignan,adil@adil83.org,"[{""valeur"": ""04 94 22 65 80"", ""description"": """"}]","[{""type_adresse"": ""Adresse"", ""complement1"": ""Rond-point du 4-Décembre-1974"", ""complement2"": """", ""numero_voie"": """", ""service_distribution"": """", ""code_postal"": ""83300"", ""nom_commune"": ""Draguignan"", ""pays"": ""France"", ""continent"": ""Europe"", ""longitude"": ""6.46009016037"", ""latitude"": ""43.5376014709""}]",83050,"[{""libelle"": """", ""valeur"": ""https://www.adil83.org""}]"
Agence départementale d'information sur le logement (ADIL) - Guyane,contact@adil973.fr,"[{""valeur"": ""05 94 38 14 29"", ""description"": """"}]","[{""type_adresse"": ""Adresse"", ""complement1"": """", ""complement2"": ""Avenue de l'Université-de-Harvard"", ""numero_voie"": ""Éco-quartier Hibiscus"", ""service_distribution"": """", ""code_postal"": ""97341"", ""nom_commune"": ""Cayenne"", ""pays"": ""France"", ""continent"": ""Europe"", ""longitude"": ""-52.30487823486328"", ""latitude"": ""4.937053203582764""}, {""type_adresse"": ""Adresse postale"", ""complement1"": """", ""complement2"": ""Avenue de l'Université-de-Harvard"", ""numero_voie"": ""Éco-quartier Hibiscus"", ""service_distribution"": ""BP 10931"", ""code_postal"": ""97341"", ""nom_commune"": ""Cayenne Cedex"", ""pays"": ""France"", ""continent"": ""Europe"", ""longitude"": ""-52.30487823486328"", ""latitude"": ""4.937053203582764""}]",97302,"[{""libelle"": """", ""valeur"": ""https://www.adil973.fr""}]"
Agence départementale d'information sur le logement (ADIL) - Eure,adil27@cegetel.net,"[{""valeur"": ""02 32 24 06 66"", ""description"": """"}]","[{""type_adresse"": ""Adresse"", ""complement1"": """", ""complement2"": """", ""numero_voie"": ""8 boulevard Georges-Chauvin"", ""service_distribution"": """", ""code_postal"": ""27007"", ""nom_commune"": ""Évreux"", ""pays"": ""France"", ""continent"": ""Europe"", ""longitude"": ""1.14368009"", ""latitude"": ""49.0243064""}]",27229,"[{""libelle"": """", ""valeur"": ""https://www.adil27.org""}]"
Agence départementale d'information sur le logement (ADIL) - Rhône - Villefranche-sur-Saône,adil.villefranche@orange.fr,"[{""valeur"": ""04 74 65 61 11"", ""description"": """"}]","[{""type_adresse"": ""Adresse"", ""complement1"": ""ADIL"", ""complement2"": """", ""numero_voie"": ""13 rue Claude-Bernard"", ""service_distribution"": """", ""code_postal"": ""69400"", ""nom_commune"": ""Villefranche-sur-Saône"", ""pays"": ""France"", ""continent"": ""Europe"", ""longitude"": ""4.7176198"", ""latitude"": ""45.9939517""}]",69264,"[{""libelle"": """", ""valeur"": ""https://www.adil69.org/""}]"
Agence départementale d'information sur le logement (ADIL) - Morbihan - Vannes,accueil@adil56.org,"[{""valeur"": ""02 97 47 02 30"", ""description"": """"}]","[{""type_adresse"": ""Adresse"", ""complement1"": ""14 rue Ella-Maillart"", ""complement2"": """", ""numero_voie"": ""Parc d'activités de Laroiseau"", ""service_distribution"": """", ""code_postal"": ""56000"", ""nom_commune"": ""Vannes"", ""pays"": ""France"", ""continent"": ""Europe"", ""longitude"": ""-2.78043150902"", ""latitude"": ""47.6682268744""}]",56260,"[{""libelle"": """", ""valeur"": ""https://www.adil56.org""}]"
Agence départementale d'information sur le logement (ADIL) - Yonne,contact@adil89.org,"[{""valeur"": ""03 86 72 16 16"", ""description"": """"}]","[{""type_adresse"": ""Adresse"", ""complement1"": """", ""complement2"": """", ""numero_voie"": ""58 rue du Moulin du Président"", ""service_distribution"": """", ""code_postal"": ""89000"", ""nom_commune"": ""Auxerre"", ""pays"": ""France"", ""continent"": ""Europe"", ""longitude"": ""3.581311"", ""latitude"": ""47.809184""}]",89024,"[{""libelle"": """", ""valeur"": ""https://www.adil89.org/""}]"
Agence départementale d'information sur le logement (ADIL) - Tarn,contact@adiltarn.org,"[{""valeur"": ""05 63 48 73 80"", ""description"": """"}]","[{""type_adresse"": ""Adresse"", ""complement1"": ""3 boulevard Lacombe"", ""complement2"": """", ""numero_voie"": ""Résidence Leclerc"", ""service_distribution"": """", ""code_postal"": ""81000"", ""nom_commune"": ""Albi"", ""pays"": ""France"", ""continent"": ""Europe"", ""longitude"": ""2.1378141"", ""latitude"": ""43.9216069""}]",81004,"[{""libelle"": """", ""valeur"": ""https://www.adil81.org/""}]"
Agence départementale d'information sur le logement (ADIL) - Drôme,adil26@dromenet.org,"[{""valeur"": ""04 75 79 04 04"", ""description"": """"}]","[{""type_adresse"": ""Adresse"", ""complement1"": ""Maison de l'Habitat"", ""complement2"": """", ""numero_voie"": ""44 rue Faventines"", ""service_distribution"": """", ""code_postal"": ""26000"", ""nom_commune"": ""Valence"", ""pays"": ""France"", ""continent"": ""Europe"", ""longitude"": ""4.8974077"", ""latitude"": ""44.9300119""}, {""type_adresse"": ""Adresse postale"", ""complement1"": ""Maison de l'Habitat"", ""complement2"": """", ""numero_voie"": ""44 rue Faventines"", ""service_distribution"": ""BP 1022"", ""code_postal"": ""26010"", ""nom_commune"": ""Valence Cedex"", ""pays"": ""France"", ""continent"": ""Europe"", ""longitude"": """", ""latitude"": """"}]",26362,"[{""libelle"": """", ""valeur"": ""https://adil.dromenet.org/""}]"
Agence départementale d'information sur le logement (ADIL) - Haute-Vienne,contact@adil87.org,"[{""valeur"": ""05 55 10 89 89"", ""description"": """"}]","[{""type_adresse"": ""Adresse"", ""complement1"": """", ""complement2"": """", ""numero_voie"": ""28 avenue de la Libération"", ""service_distribution"": """", ""code_postal"": ""87000"", ""nom_commune"": ""Limoges"", ""pays"": ""France"", ""continent"": ""Europe"", ""longitude"": ""1.2602699995"", ""latitude"": ""45.8343009949""}]",87085,"[{""libelle"": """", ""valeur"": ""https://www.adil87.org""}]"
Agence départementale d'information sur le logement (ADIL) - Nord - Tourcoing,contact@adilnpdc.fr,"[{""valeur"": ""03 59 61 62 59"", ""description"": ""du lundi au vendredi de 08h30 à 12h30 et de 13h30 à 17h30, coût d'un appel local""}]","[{""type_adresse"": ""Adresse"", ""complement1"": """", ""complement2"": """", ""numero_voie"": ""10 place Victor-Hassebroucq"", ""service_distribution"": """", ""code_postal"": ""59200"", ""nom_commune"": ""Tourcoing"", ""pays"": ""France"", ""continent"": ""Europe"", ""longitude"": ""3.16160988808"", ""latitude"": ""50.7244987488""}]",59599,"[{""libelle"": """", ""valeur"": ""https://www.adilnord.fr""}]"
Agence départementale d'information sur le logement (ADIL) - Hérault - Montpellier,contact@adil34.org,"[{""valeur"": ""04 67 55 55 55"", ""description"": ""choix 3""}]","[{""type_adresse"": ""Adresse"", ""complement1"": """", ""complement2"": """", ""numero_voie"": ""4 bis rue Rondelet"", ""service_distribution"": """", ""code_postal"": ""34000"", ""nom_commune"": ""Montpellier"", ""pays"": ""France"", ""continent"": ""Europe"", ""longitude"": ""3.874606"", ""latitude"": ""43.604439""}]",34172,"[{""libelle"": """", ""valeur"": ""https://www.adil34.org/""}]"
Agence départementale d'information sur le logement (ADIL) - Yvelines,contact@adil78.org,"[{""valeur"": ""01 39 50 84 72"", ""description"": """"}]","[{""type_adresse"": ""Adresse"", ""complement1"": """", ""complement2"": """", ""numero_voie"": ""80 bis avenue du Général-Leclerc"", ""service_distribution"": """", ""code_postal"": ""78220"", ""nom_commune"": ""Viroflay"", ""pays"": ""France"", ""continent"": ""Europe"", ""longitude"": ""2.174647"", ""latitude"": ""48.804126""}]",78686,"[{""libelle"": """", ""valeur"": ""https://www.adil78.org/""}]"
Agence départementale d'information sur le logement (ADIL) - Landes - Mont-de-Marsan,contact@adil40.fr,"[{""valeur"": ""05 58 46 58 58"", ""description"": """"}]","[{""type_adresse"": ""Adresse"", ""complement1"": """", ""complement2"": """", ""numero_voie"": ""125 rue Martin-Luther-King"", ""service_distribution"": """", ""code_postal"": ""40000"", ""nom_commune"": ""Mont-de-Marsan"", ""pays"": ""France"", ""continent"": ""Europe"", ""longitude"": ""-0.4936562"", ""latitude"": ""43.8974222""}]",40192,"[{""libelle"": """", ""valeur"": ""https://www.adil40.fr""}]"
Agence départementale d'information sur le logement (ADIL) - Haute-Savoie,contact@pls.adil74.org,"[{""valeur"": ""04 50 45 79 72"", ""description"": ""Accueil téléphonique de 8h30 à 12h et de 14h à 17h30""}]","[{""type_adresse"": ""Adresse"", ""complement1"": """", ""complement2"": """", ""numero_voie"": ""4 avenue de Chambéry"", ""service_distribution"": """", ""code_postal"": ""74000"", ""nom_commune"": ""Annecy"", ""pays"": ""France"", ""continent"": ""Europe"", ""longitude"": ""6.121238"", ""latitude"": ""45.899544""}]",74010,"[{""libelle"": """", ""valeur"": ""https://www.adil74.org/""}]"
Agence départementale d'information sur le logement (ADIL) - Bas-Rhin,contact@adil67.fr,"[{""valeur"": ""03 88 21 07 06"", ""description"": """"}]","[{""type_adresse"": ""Adresse"", ""complement1"": """", ""complement2"": """", ""numero_voie"": ""5 rue Hannong"", ""service_distribution"": """", ""code_postal"": ""67000"", ""nom_commune"": ""Strasbourg"", ""pays"": ""France"", ""continent"": ""Europe"", ""longitude"": ""7.742901"", ""latitude"": ""48.583301""}]",67482,"[{""libelle"": """", ""valeur"": ""https://www.adil67.org/""}]"
Agence départementale d'information sur le logement (ADIL) - Finistère - Brest,adil29@adil29.org,"[{""valeur"": ""02 98 46 37 38"", ""description"": """"}]","[{""type_adresse"": ""Adresse"", ""complement1"": """", ""complement2"": """", ""numero_voie"": ""2 rue du Vercors"", ""service_distribution"": """", ""code_postal"": ""29200"", ""nom_commune"": ""Brest"", ""pays"": ""France"", ""continent"": ""Europe"", ""longitude"": ""-4.468948"", ""latitude"": ""48.401641""}]",29019,"[{""libelle"": """", ""valeur"": ""https://www.adil29.org/""}]"
Agence départementale d'information sur le logement (ADIL) - Seine-et-Marne - Meaux,info@adil77.org,"[{""valeur"": ""01 60 25 11 81"", ""description"": """"}]","[{""type_adresse"": ""Adresse"", ""complement1"": """", ""complement2"": """", ""numero_voie"": ""52 rue de l'Abreuvoir"", ""service_distribution"": """", ""code_postal"": ""77100"", ""nom_commune"": ""Meaux"", ""pays"": ""France"", ""continent"": ""Europe"", ""longitude"": ""2.88585996628"", ""latitude"": ""48.9575996399""}]",77284,"[{""libelle"": """", ""valeur"": ""https://www.adil77.org/""}]"
Agence départementale d'information sur le logement (ADIL) - Loir-et-Cher,adileie41@wanadoo.fr,"[{""valeur"": ""02 54 42 10 00"", ""description"": """"}]","[{""type_adresse"": ""Adresse"", ""complement1"": ""Porte B"", ""complement2"": ""34 avenue du Maréchal Maunoury"", ""numero_voie"": ""Cité administrative"", ""service_distribution"": """", ""code_postal"": ""41000"", ""nom_commune"": ""Blois"", ""pays"": ""France"", ""continent"": ""Europe"", ""longitude"": ""1.337801"", ""latitude"": ""47.592844""}]",41018,"[{""libelle"": """", ""valeur"": ""https://www.adil41.org/""}]"
Agence départementale d'information sur le logement (ADIL) - Deux-Sèvres,accueil@adil79.fr,"[{""valeur"": ""05 49 28 08 08"", ""description"": """"}]","[{""type_adresse"": ""Adresse"", ""complement1"": """", ""complement2"": ""Mail Lucie-Aubrac"", ""numero_voie"": ""La Maison du département"", ""service_distribution"": """", ""code_postal"": ""79028"", ""nom_commune"": ""Niort"", ""pays"": ""France"", ""continent"": ""Europe"", ""longitude"": ""-0.45963504910469055"", ""latitude"": ""46.3298225402832""}, {""type_adresse"": ""Adresse postale"", ""complement1"": ""Mail Lucie Aubrac"", ""complement2"": """", ""numero_voie"": ""La Maison du département"", ""service_distribution"": ""CS 58880"", ""code_postal"": ""79002"", ""nom_commune"": ""Niort"", ""pays"": ""France"", ""continent"": ""Europe"", ""longitude"": """", ""latitude"": """"}]",79191,"[{""libelle"": """", ""valeur"": ""https://www.adil79.org/""}]"
Agence départementale d'information sur le logement (ADIL) - Meurthe-et-Moselle - Meuse,contact@adil54-55.fr,"[{""valeur"": ""03 83 27 62 72"", ""description"": ""Consultations par téléphone le Lundi de 8h30 à 12h00 et de 13h30 à 16h00, - le Mardi 8h30 à 12h00 et de 13h30 à 16h00, - le Mercredi, Jeudi et Vendredi de 8h30 à 12h00.""}]","[{""type_adresse"": ""Adresse"", ""complement1"": """", ""complement2"": """", ""numero_voie"": ""48 esplanade Jacques-Baudot"", ""service_distribution"": """", ""code_postal"": ""54000"", ""nom_commune"": ""Nancy"", ""pays"": ""France"", ""continent"": ""Europe"", ""longitude"": ""6.166753"", ""latitude"": ""48.679425""}]",54395,"[{""libelle"": """", ""valeur"": ""https://www.adil54-55.org/""}]"
Agence départementale d'information sur le logement (ADIL) - Côtes-d'Armor,contact-adil22@adil22.org,"[{""valeur"": ""02 96 61 50 46"", ""description"": ""Accueil téléphonique du lundi au vendredi de 9h à 12h30.""}]","[{""type_adresse"": ""Adresse"", ""complement1"": """", ""complement2"": """", ""numero_voie"": ""3 rue Gourien"", ""service_distribution"": """", ""code_postal"": ""22000"", ""nom_commune"": ""Saint-Brieuc"", ""pays"": ""France"", ""continent"": ""Europe"", ""longitude"": ""-2.767012"", ""latitude"": ""48.509684""}]",22278,"[{""libelle"": """", ""valeur"": ""http://www.adil22.org""}]"
Agence départementale d'information sur le logement (ADIL) - Ardennes,adil@adil08.fr,"[{""valeur"": ""03 24 58 28 92"", ""description"": """"}]","[{""type_adresse"": ""Adresse"", ""complement1"": """", ""complement2"": """", ""numero_voie"": ""6 rue Noël"", ""service_distribution"": """", ""code_postal"": ""08000"", ""nom_commune"": ""Charleville-Mézières"", ""pays"": ""France"", ""continent"": ""Europe"", ""longitude"": ""4.71925020218"", ""latitude"": ""49.7747001648""}]",08105,"[{""libelle"": """", ""valeur"": ""https://www.adil08.org""}]"
Agence départementale d'information sur le logement (ADIL) - Pyrénées-Orientales,contact@adil66.org,"[{""valeur"": ""04 68 52 00 00"", ""description"": """"}]","[{""type_adresse"": ""Adresse"", ""complement1"": ""Résidence Les Terrasses du Castillet"", ""complement2"": """", ""numero_voie"": ""2 rue Pierre-Dupont"", ""service_distribution"": """", ""code_postal"": ""66000"", ""nom_commune"": ""Perpignan"", ""pays"": ""France"", ""continent"": ""Europe"", ""longitude"": ""2.894389"", ""latitude"": ""42.702652""}]",66136,"[{""libelle"": """", ""valeur"": ""https://adil66.org/""}]"
Agence départementale d'information sur le logement (ADIL) - Nord - Douai,contact@adilnpdc.fr,"[{""valeur"": ""03 59 61 62 59"", ""description"": ""Accueil téléphonique du lundi au vendredi 8h30 à 12h30 13h30 à 17h30.""}]","[{""type_adresse"": ""Adresse"", ""complement1"": ""La maison du Vélo"", ""complement2"": """", ""numero_voie"": ""74 parvis de la Gare"", ""service_distribution"": """", ""code_postal"": ""59500"", ""nom_commune"": ""Douai"", ""pays"": ""France"", ""continent"": ""Europe"", ""longitude"": ""3.08346099"", ""latitude"": ""50.3692795""}, {""type_adresse"": ""Adresse postale"", ""complement1"": """", ""complement2"": """", ""numero_voie"": ""7 bis rue Racine"", ""service_distribution"": """", ""code_postal"": ""59800"", ""nom_commune"": ""Lille"", ""pays"": ""France"", ""continent"": ""Europe"", ""longitude"": """", ""latitude"": """"}]",59178,"[{""libelle"": """", ""valeur"": ""https://www.adilnord.fr""}]"
Agence départementale d'information sur le logement (ADIL) - Hautes-Pyrénées,adil.65@orange.fr,"[{""valeur"": ""05 62 34 67 11"", ""description"": """"}]","[{""type_adresse"": ""Adresse"", ""complement1"": ""24 rue Larrey"", ""complement2"": """", ""numero_voie"": ""Résidence Brasilia"", ""service_distribution"": """", ""code_postal"": ""65000"", ""nom_commune"": ""Tarbes"", ""pays"": ""France"", ""continent"": ""Europe"", ""longitude"": ""0.0725549980998"", ""latitude"": ""43.2307014465""}]",65440,"[{""libelle"": """", ""valeur"": ""https://www.adil65.org/""}]"
Agence départementale d'information sur le logement (ADIL) - Côte-d'Or,accueil@adil21.fr,"[{""valeur"": ""03 80 66 28 88"", ""description"": """"}]","[{""type_adresse"": ""Adresse"", ""complement1"": """", ""complement2"": """", ""numero_voie"": ""4 rue Paul-Cabet"", ""service_distribution"": """", ""code_postal"": ""21000"", ""nom_commune"": ""Dijon"", ""pays"": ""France"", ""continent"": ""Europe"", ""longitude"": ""5.04863023758"", ""latitude"": ""47.3214988708""}]",21231,"[{""libelle"": """", ""valeur"": ""https://www.adil21.fr""}]"
Agence départementale d'information sur le logement (ADIL) - Landes - Dax,contact@adil40.fr,"[{""valeur"": ""05 58 91 00 11"", ""description"": """"}]","[{""type_adresse"": ""Adresse"", ""complement1"": ""3e étage"", ""complement2"": ""14 avenue du Sablard"", ""numero_voie"": ""Immeuble Le Rubens"", ""service_distribution"": """", ""code_postal"": ""40100"", ""nom_commune"": ""Dax"", ""pays"": ""France"", ""continent"": ""Europe"", ""longitude"": ""-1.0575949"", ""latitude"": ""43.7149656""}]",40088,"[{""libelle"": """", ""valeur"": ""https://www.adil40.fr""}]"
Agence départementale d'information sur le logement (ADIL) - Charente,contact@adil16.org,"[{""valeur"": ""05 45 93 94 95"", ""description"": """"}]","[{""type_adresse"": ""Adresse"", ""complement1"": """", ""complement2"": """", ""numero_voie"": ""57 rue Louis-Pergaud"", ""service_distribution"": """", ""code_postal"": ""16000"", ""nom_commune"": ""Angoulême"", ""pays"": ""France"", ""continent"": ""Europe"", ""longitude"": ""0.130259"", ""latitude"": ""45.640278""}]",16015,"[{""libelle"": """", ""valeur"": ""https://www.adil16.org""}]"
Agence départementale d'information sur le logement (ADIL) - Jura,contact@adil39.fr,"[{""valeur"": ""03 84 86 19 30"", ""description"": """"}]","[{""type_adresse"": ""Adresse"", ""complement1"": ""32 rue Rouget-de-Lisle"", ""complement2"": """", ""numero_voie"": ""Maison de l'Habitat"", ""service_distribution"": """", ""code_postal"": ""39000"", ""nom_commune"": ""Lons-le-Saunier"", ""pays"": ""France"", ""continent"": ""Europe"", ""longitude"": ""5.55412006378"", ""latitude"": ""46.6693992615""}]",39300,"[{""libelle"": """", ""valeur"": ""https://www.adil39.org/""}]"
Agence départementale d'information sur le logement (ADIL) - Saône-et-Loire - Paray-le-Monial,adil71@adil71.org,"[{""valeur"": ""03 85 39 30 70"", ""description"": ""Tapez 1""}]","[{""type_adresse"": ""Adresse"", ""complement1"": ""Bâtiment Pays Charolais Brionnais"", ""complement2"": """", ""numero_voie"": ""7 rue des Champs-Seigneurs"", ""service_distribution"": """", ""code_postal"": ""71600"", ""nom_commune"": ""Paray-le-Monial"", ""pays"": ""France"", ""continent"": ""Europe"", ""longitude"": ""4.119255"", ""latitude"": ""46.455869""}]",71342,"[{""libelle"": """", ""valeur"": ""https://www.adil71.org/""}]"
Agence départementale d'information sur le logement (ADIL) - Doubs - Besançon,contact@maisonhabitatdoubs.fr,"[{""valeur"": ""03 81 68 37 68"", ""description"": """"}]","[{""type_adresse"": ""Adresse"", ""complement1"": ""Entrée D"", ""complement2"": """", ""numero_voie"": ""1 chemin de Ronde-du-Fort-Griffon"", ""service_distribution"": """", ""code_postal"": ""25000"", ""nom_commune"": ""Besançon"", ""pays"": ""France"", ""continent"": ""Europe"", ""longitude"": ""6.0201012"", ""latitude"": ""47.2430973""}]",25056,"[{""libelle"": """", ""valeur"": ""https://www.maisonhabitatdoubs.fr""}]"
Agence départementale d'information sur le logement (ADIL) - Nord - Cambrai,contact@adilnpdc.fr,"[{""valeur"": ""03 59 61 62 59"", ""description"": """"}]","[{""type_adresse"": ""Adresse"", ""complement1"": """", ""complement2"": """", ""numero_voie"": ""3 rue d'Alger"", ""service_distribution"": """", ""code_postal"": ""59400"", ""nom_commune"": ""Cambrai"", ""pays"": ""France"", ""continent"": ""Europe"", ""longitude"": ""3.2362148"", ""latitude"": ""50.1779512""}]",59122,"[{""libelle"": """", ""valeur"": ""https://www.adilnord.fr/""}]"
Agence départementale d'information sur le logement (ADIL) - Seine-Maritime - Le Havre,contactadil@adil76.org,"[{""valeur"": ""02 35 72 58 50"", ""description"": ""Consultations téléphoniques du Lundi au vendredi de 09h00 à 12h30""}]","[{""type_adresse"": ""Adresse"", ""complement1"": """", ""complement2"": """", ""numero_voie"": ""216 Boulevard de Strasbourg"", ""service_distribution"": """", ""code_postal"": ""76600"", ""nom_commune"": ""Le Havre"", ""pays"": ""France"", ""continent"": ""Europe"", ""longitude"": ""0.121774"", ""latitude"": ""49.49211""}]",76351,"[{""libelle"": """", ""valeur"": ""https://www.adil76.org/""}]"
Agence départementale d'information sur le logement (ADIL) - Var,adil@adil83.org,"[{""valeur"": ""04 94 22 65 80"", ""description"": ""Accueil téléphonique du lundi au vendredi de 9H00 à 12H30 et de 13h30 à 17h00""}]","[{""type_adresse"": ""Adresse"", ""complement1"": """", ""complement2"": """", ""numero_voie"": ""1766 chemin de la Planquette"", ""service_distribution"": """", ""code_postal"": ""83130"", ""nom_commune"": ""La Garde"", ""pays"": ""France"", ""continent"": ""Europe"", ""longitude"": ""6.030565"", ""latitude"": ""43.134051""}]",83062,"[{""libelle"": """", ""valeur"": ""https://www.adil83.org""}]"
Agence départementale d'information sur le logement (ADIL) - Pyrénées-Atlantiques - Pau,accueil.pau@adil64.org,"[{""valeur"": ""05 59 02 26 26"", ""description"": """"}]","[{""type_adresse"": ""Adresse"", ""complement1"": """", ""complement2"": """", ""numero_voie"": ""7 rue Camy"", ""service_distribution"": """", ""code_postal"": ""64000"", ""nom_commune"": ""Pau"", ""pays"": ""France"", ""continent"": ""Europe"", ""longitude"": ""-0.374013990164"", ""latitude"": ""43.3003997803""}]",64445,"[{""libelle"": """", ""valeur"": ""https://www.adil64.org/""}]"
Agence départementale d'information sur le logement (ADIL) - Charente-Maritime,contact@adil17.org,"[{""valeur"": ""05 46 34 41 36"", ""description"": """"}]","[{""type_adresse"": ""Adresse"", ""complement1"": """", ""complement2"": """", ""numero_voie"": ""49 avenue Aristide-Briand"", ""service_distribution"": """", ""code_postal"": ""17000"", ""nom_commune"": ""La Rochelle"", ""pays"": ""France"", ""continent"": ""Europe"", ""longitude"": ""-1.16756999493"", ""latitude"": ""46.1599998474""}]",17300,"[{""libelle"": """", ""valeur"": ""https://www.adil17.org/""}]"
Agence départementale d'information sur le logement (ADIL) - Bouches-du-Rhône,contact@adil13.org,"[{""valeur"": ""04 96 11 12 00"", ""description"": ""Accueil téléphonique du lundi au vendredi de 14h à 17h30.""}]","[{""type_adresse"": ""Adresse"", ""complement1"": """", ""complement2"": """", ""numero_voie"": ""15 avenue Robert Schuman"", ""service_distribution"": """", ""code_postal"": ""13002"", ""nom_commune"": ""Marseille"", ""pays"": ""France"", ""continent"": ""Europe"", ""longitude"": ""5.3656175"", ""latitude"": ""43.3010591""}]",13201,"[{""libelle"": """", ""valeur"": ""https://www.adil13.org""}]"
Agence départementale d'information sur le logement (ADIL) - Gironde,contact@adil33.com,"[{""valeur"": ""05 57 10 09 10"", ""description"": """"}]","[{""type_adresse"": ""Adresse"", ""complement1"": """", ""complement2"": """", ""numero_voie"": ""4 rue Gustave Hertz"", ""service_distribution"": """", ""code_postal"": ""33600"", ""nom_commune"": ""Pessac"", ""pays"": ""France"", ""continent"": ""Europe"", ""longitude"": ""-0.654181"", ""latitude"": ""44.784233""}]",33318,"[{""libelle"": """", ""valeur"": ""https://www.adil33.org/""}]"
Agence départementale d'information sur le logement (ADIL) - Hérault - Béziers,contact@adil34.org,"[{""valeur"": ""04 67 55 55 55"", ""description"": ""choix 3""}]","[{""type_adresse"": ""Adresse"", ""complement1"": """", ""complement2"": """", ""numero_voie"": ""173 avenue du Marechal-Foch"", ""service_distribution"": """", ""code_postal"": ""34500"", ""nom_commune"": ""Béziers"", ""pays"": ""France"", ""continent"": ""Europe"", ""longitude"": ""3.221610"", ""latitude"": ""43.354406""}]",34032,"[{""libelle"": """", ""valeur"": ""https://www.adil34.org""}]"
Agence départementale d'information sur le logement (ADIL) - Aveyron,contact.adil12@orange.fr,"[{""valeur"": ""05 65 73 18 00"", ""description"": """"}]","[{""type_adresse"": ""Adresse"", ""complement1"": """", ""complement2"": """", ""numero_voie"": ""7 place Sainte-Catherine"", ""service_distribution"": """", ""code_postal"": ""12000"", ""nom_commune"": ""Rodez"", ""pays"": ""France"", ""continent"": ""Europe"", ""longitude"": ""2.57703995705"", ""latitude"": ""44.3484992981""}]",12202,"[{""libelle"": """", ""valeur"": ""https://www.adil12.org/""}]"
Agence départementale d'information sur le logement (ADIL) - Haute-Garonne,info@adil31.org,"[{""valeur"": ""05 61 22 46 22"", ""description"": """"}]","[{""type_adresse"": ""Adresse"", ""complement1"": """", ""complement2"": """", ""numero_voie"": ""4 rue Furgole"", ""service_distribution"": """", ""code_postal"": ""31000"", ""nom_commune"": ""Toulouse"", ""pays"": ""France"", ""continent"": ""Europe"", ""longitude"": ""1.44731"", ""latitude"": ""43.6032""}]",31555,"[{""libelle"": """", ""valeur"": ""https://www.adil31.org/""}]"
Agence départementale d'information sur le logement (ADIL) - Pyrénées-Atlantiques - Bayonne,accueil.bayonne@adil64.org,"[{""valeur"": ""05 59 59 11 00"", ""description"": """"}]","[{""type_adresse"": ""Adresse"", ""complement1"": """", ""complement2"": """", ""numero_voie"": ""1 rue Ulysse-Darracq"", ""service_distribution"": """", ""code_postal"": ""64100"", ""nom_commune"": ""Bayonne"", ""pays"": ""France"", ""continent"": ""Europe"", ""longitude"": ""-1.4692627"", ""latitude"": ""43.4942927""}]",64102,"[{""libelle"": """", ""valeur"": ""https://www.adil64.org/""}]"
Agence départementale d'information sur le logement (ADIL) - Corse - antenne d'Ajaccio,adil.2a@orange.fr,"[{""valeur"": ""04 95 20 85 25"", ""description"": """"}]","[{""type_adresse"": ""Adresse"", ""complement1"": ""Boulevard Dominique-Paoli"", ""complement2"": """", ""numero_voie"": ""Immeuble Panero"", ""service_distribution"": """", ""code_postal"": ""20090"", ""nom_commune"": ""Ajaccio"", ""pays"": ""France"", ""continent"": ""Europe"", ""longitude"": ""8.7381481"", ""latitude"": ""41.9306999""}]",2A004,"[{""libelle"": """", ""valeur"": ""https://www.adil20.org/""}]"
Agence départementale d'information sur le logement (ADIL) - Saône-et-Loire - Chalon-sur-Saône,adil71@adil71.org,"[{""valeur"": ""03 85 39 30 70"", ""description"": ""Accueil téléphonique le lundi, mardi, jeudi de 9h à 12h15 et de 13h à 17h, le mercredi de 9h à 12h et de 13h30 à 17h et le vendredi de 9h à 12h15 et de 13h à 16h30.""}]","[{""type_adresse"": ""Adresse"", ""complement1"": ""Bâtiment Habitat-Conseil"", ""complement2"": """", ""numero_voie"": ""7 rue Georges-Maugey"", ""service_distribution"": """", ""code_postal"": ""71100"", ""nom_commune"": ""Chalon-sur-Saône"", ""pays"": ""France"", ""continent"": ""Europe"", ""longitude"": ""4.84679"", ""latitude"": ""46.777247""}]",71076,"[{""libelle"": """", ""valeur"": ""https://www.adil71.org""}]"
Agence départementale d'information sur le logement (ADIL) - Gers,contact@adil32.org,"[{""valeur"": ""05 81 32 35 05"", ""description"": """"}]","[{""type_adresse"": ""Adresse"", ""complement1"": """", ""complement2"": """", ""numero_voie"": ""81 route de Pessan"", ""service_distribution"": """", ""code_postal"": ""32022"", ""nom_commune"": ""Auch"", ""pays"": ""France"", ""continent"": ""Europe"", ""longitude"": ""0.586709"", ""latitude"": ""43.64638""}, {""type_adresse"": ""Adresse postale"", ""complement1"": """", ""complement2"": """", ""numero_voie"": ""81 route de Pessan"", ""service_distribution"": ""BP 40571"", ""code_postal"": ""32022"", ""nom_commune"": ""Auch Cedex 9"", ""pays"": ""France"", ""continent"": ""Europe"", ""longitude"": ""0.586709"", ""latitude"": ""43.64638""}]",32013,"[{""libelle"": """", ""valeur"": ""https://www.adil32.org/""}]"
Agence départementale d'information sur le logement (ADIL) - Maine-et-Loire,juristes@adil49.com,"[{""valeur"": ""02 41 81 89 40"", ""description"": """"}]","[{""type_adresse"": ""Adresse"", ""complement1"": ""Maison de l'architecture, des Territoires et des Paysages (MATP)"", ""complement2"": """", ""numero_voie"": ""312 avenue René-Gasnier"", ""service_distribution"": """", ""code_postal"": ""49100"", ""nom_commune"": ""Angers"", ""pays"": ""France"", ""continent"": ""Europe"", ""longitude"": ""-0.5725698"", ""latitude"": ""47.4862653""}]",49007,"[{""libelle"": """", ""valeur"": ""https://www.adil49.org""}]"
Agence départementale d'information sur le logement (ADIL) - Corrèze,adil.19@orange.fr,"[{""valeur"": ""05 55 26 56 82"", ""description"": """"}]","[{""type_adresse"": ""Adresse"", ""complement1"": """", ""complement2"": """", ""numero_voie"": ""7 Rue du Docteur-Ramon"", ""service_distribution"": """", ""code_postal"": ""19000"", ""nom_commune"": ""Tulle"", ""pays"": ""France"", ""continent"": ""Europe"", ""longitude"": ""1.756658"", ""latitude"": ""45.256014""}]",19272,"[{""libelle"": """", ""valeur"": ""https://www.adil19.org""}]"
Agence départementale d'information sur le logement (ADIL) - Somme,adil80@adil80.org,"[{""valeur"": ""03 60 12 45 00"", ""description"": """"}]","[{""type_adresse"": ""Adresse"", ""complement1"": """", ""complement2"": """", ""numero_voie"": ""46 rue de l'Amiral-Courbet"", ""service_distribution"": """", ""code_postal"": ""80000"", ""nom_commune"": ""Amiens"", ""pays"": ""France"", ""continent"": ""Europe"", ""longitude"": ""2.30390510000007"", ""latitude"": ""49.8926057""}]",80021,"[{""libelle"": """", ""valeur"": ""https://www.adil80.org/""}]"
Agence départementale d'information sur le logement (ADIL) - Loire et Haute-Loire,contact@adil42-43.org,"[{""valeur"": ""04 77 95 13 32"", ""description"": """"}]","[{""type_adresse"": ""Adresse"", ""complement1"": """", ""complement2"": """", ""numero_voie"": ""20 A rue Balaÿ"", ""service_distribution"": """", ""code_postal"": ""42000"", ""nom_commune"": ""Saint-Étienne"", ""pays"": ""France"", ""continent"": ""Europe"", ""longitude"": ""4.3867928"", ""latitude"": ""45.4434999""}]",42218,"[{""libelle"": """", ""valeur"": ""https://www.adil42-43.org/""}]"
Agence départementale d'information sur le logement (ADIL) - Tarn-et-Garonne,contact@adil82.fr,"[{""valeur"": ""05 32 74 15 63"", ""description"": """"}]","[{""type_adresse"": ""Adresse"", ""complement1"": """", ""complement2"": """", ""numero_voie"": ""3-5 rue Jules Ferry"", ""service_distribution"": """", ""code_postal"": ""82000"", ""nom_commune"": ""Montauban"", ""pays"": ""France"", ""continent"": ""Europe"", ""longitude"": ""1.347112"", ""latitude"": ""44.01527""}]",82121,"[{""libelle"": """", ""valeur"": ""https://www.adil82.org""}]"
Agence départementale d'information sur le logement (ADIL) et Espace conseil France Rénov' - Tours,contact@adil37.fr,"[{""valeur"": ""02 47 60 90 70"", ""description"": """"}]","[{""type_adresse"": ""Adresse"", ""complement1"": """", ""complement2"": ""ADIL France Rénov' Touraine"", ""numero_voie"": ""34 place de la Préfecture"", ""service_distribution"": """", ""code_postal"": ""37000"", ""nom_commune"": ""Tours"", ""pays"": ""France"", ""continent"": ""Europe"", ""longitude"": ""0.691072"", ""latitude"": ""47.39331""}]",37261,"[{""libelle"": """", ""valeur"": ""https://www.adil37.fr/""}]"
Agence départementale d'information sur le logement (ADIL) - Nord - Maubeuge,contact@adilnpdc.fr,"[{""valeur"": ""03 59 61 62 59"", ""description"": """"}]","[{""type_adresse"": ""Adresse"", ""complement1"": """", ""complement2"": """", ""numero_voie"": ""18 rue du 145e-Régiment-d'Infanterie"", ""service_distribution"": """", ""code_postal"": ""59600"", ""nom_commune"": ""Maubeuge"", ""pays"": ""France"", ""continent"": ""Europe"", ""longitude"": ""3.97569"", ""latitude"": ""50.279067""}]",59392,"[{""libelle"": """", ""valeur"": ""https://www.adilnord.fr""}]"