nom,email,telephone,adresse,code_insee,site_web
"Conseil d'architecture, d'urbanisme et de l'environnement (CAUE) - Aisne",info@caue02.com,"[{""valeur"": ""03 23 79 00 03"", ""description"": """"}]","[{""type_adresse"": ""Adresse"", ""complement1"": """", ""complement2"": """", ""numero_voie"": ""34 rue Sérurier"", ""service_distribution"": """", ""code_postal"": ""02000"", ""nom_commune"": ""Laon"", ""pays"": """", ""continent"": """", ""longitude"": ""3.623731"", ""latitude"": ""49.564865""}]",02408,"[{""libelle"": """", ""valeur"": ""https://www.caue02.com/""}]"
"Conseil d'architecture, d'urbanisme et de l'environnement (CAUE) - Creuse",caue23@caue23.fr,"[{""valeur"": ""05 44 30 27 56"", ""description"": """"}]","[{""type_adresse"": ""Adresse"", ""complement1"": """", ""complement2"": """", ""numero_voie"": ""1 avenue Jean-Baptiste-Defumade"", ""service_distribution"": """", ""code_postal"": ""23320"", ""nom_commune"": ""Saint-Vaury"", ""pays"": """", ""continent"": """", ""longitude"": ""1.866912"", ""latitude"": ""46.172044""}]",23096,"[{""libelle"": """", ""valeur"": ""https://www.caue23.fr/""}]"
"Conseil d'architecture, d'urbanisme et de l'environnement (CAUE) - Seine-et-Marne",accueil@caue77.fr,"[{""valeur"": ""01 64 03 30 62"", ""description"": """"}]","[{""type_adresse"": ""Adresse"", ""complement1"": """", ""complement2"": """", ""numero_voie"": ""27 rue du Marché"", ""service_distribution"": """", ""code_postal"": ""77120"", ""nom_commune"": ""Coulommiers"", ""pays"": ""France"", ""continent"": ""Europe"", ""longitude"": ""3.083558"", ""latitude"": ""48.814056""}]",77131,"[{""libelle"": """", ""valeur"": ""https://www.caue77.fr/""}, {""libelle"": """", ""valeur"": ""https://www.fncaue.com/caue-et-urcaue-d-ile-de-france/caue-de-seine-et-marne/""}]"
"Conseil d'architecture, d'urbanisme et de l'environnement (CAUE) - Lozère",cauelozere@wanadoo.fr,"[{""valeur"": ""04 66 49 06 55"", ""description"": """"}]","[{""type_adresse"": ""Adresse"", ""complement1"": """", ""complement2"": """", ""numero_voie"": ""16 boulevard Britexte"", ""service_distribution"": """", ""code_postal"": ""48000"", ""nom_commune"": ""Mende"", ""pays"": """", ""continent"": """", ""longitude"": ""3.502929"", ""latitude"": ""44.5177""}]",48095,"[{""libelle"": """", ""valeur"": ""https://www.les-caue-occitanie.fr/lozere""}]"
"Conseil d'architecture, d'urbanisme et de l'environnement (CAUE) - Calvados",contact@caue14.fr,"[{""valeur"": ""02 31 15 59 60"", ""description"": """"}]","[{""type_adresse"": ""Adresse"", ""complement1"": """", ""complement2"": """", ""numero_voie"": ""28 rue Jean Eudes"", ""service_distribution"": """", ""code_postal"": ""14000"", ""nom_commune"": ""Caen"", ""pays"": """", ""continent"": """", ""longitude"": ""-0.365524"", ""latitude"": ""49.18117""}]",14118,"[{""libelle"": """", ""valeur"": ""http://www.caue14.fr""}, {""libelle"": """", ""valeur"": ""https://www.fncaue.com/caue-et-urcaue-de-normandie/caue-du-calvados/""}]"
"Conseil d'architecture, d'urbanisme et de l'environnement (CAUE) - Corrèze",caue.19@wanadoo.fr,"[{""valeur"": ""05 55 26 06 48"", ""description"": """"}]","[{""type_adresse"": ""Adresse"", ""complement1"": """", ""complement2"": """", ""numero_voie"": ""45 quai Aristide Briand"", ""service_distribution"": """", ""code_postal"": ""19000"", ""nom_commune"": ""Tulle"", ""pays"": """", ""continent"": """", ""longitude"": ""1.773141"", ""latitude"": ""45.268846""}]",19272,"[{""libelle"": """", ""valeur"": ""https://www.caue19.fr/news/""}, {""libelle"": """", ""valeur"": ""https://www.fncaue.com/caue-et-urcaue-de-nouvelle-aquitaine/caue-de-la-correze/""}]"
"Conseil d'architecture, d'urbanisme et de l'environnement (CAUE) - Alsace - Site de Strasbourg",info@caue-alsace.com;caue@caue-alsace.com,"[{""valeur"": ""03 88 15 02 30\n"", ""description"": """"}]","[{""type_adresse"": ""Adresse"", ""complement1"": """", ""complement2"": """", ""numero_voie"": ""5 rue Hannong"", ""service_distribution"": """", ""code_postal"": ""67000"", ""nom_commune"": ""Strasbourg"", ""pays"": """", ""continent"": """", ""longitude"": ""7.742976"", ""latitude"": ""48.583573""}]",67482,"[{""libelle"": """", ""valeur"": ""https://www.caue-alsace.com/""}, {""libelle"": """", ""valeur"": ""https://www.fncaue.com/caue-et-urcaue-du-grand-est/caue-d-alsace/""}]"
"Conseil d'architecture, d'urbanisme et de l'environnement (CAUE) - Indre",contact@caue36.fr,"[{""valeur"": ""09 77 97 36 02"", ""description"": """"}]","[{""type_adresse"": ""Adresse"", ""complement1"": ""Cité Administrative"", ""complement2"": """", ""numero_voie"": ""49 boulevard George-Sand"", ""service_distribution"": """", ""code_postal"": ""36000"", ""nom_commune"": ""Châteauroux"", ""pays"": ""France"", ""continent"": ""Europe"", ""longitude"": ""1.70392"", ""latitude"": ""46.8107""}]",36044,"[{""libelle"": """", ""valeur"": ""https://caue36.fr/""}, {""libelle"": """", ""valeur"": ""https://www.fncaue.com/caue-et-urcaue-du-centre-val-de-loire/caue-de-l-indre/""}]"
"Conseil d'architecture, d'urbanisme et de l'environnement (CAUE) - Loir-et-Cher",contact@caue41.fr,"[{""valeur"": ""02 54 51 56 50"", ""description"": """"}]","[{""type_adresse"": ""Adresse"", ""complement1"": ""Porte C"", ""complement2"": ""Cité administrative"", ""numero_voie"": ""34 avenue du Maréchal-Maunoury"", ""service_distribution"": """", ""code_postal"": ""41000"", ""nom_commune"": ""Blois"", ""pays"": ""France"", ""continent"": ""Europe"", ""longitude"": ""1.33733"", ""latitude"": ""47.5924""}]",41018,"[{""libelle"": """", ""valeur"": ""https://www.caue41.fr/le-caue-de-loir-et-cher-un-lieu-de-conseils-et-dechanges/""}]"
"Conseil d'architecture, d'urbanisme et de l'environnement (CAUE) - Somme",caue80@caue80.asso.fr,"[{""valeur"": ""03 22 91 11 65"", ""description"": """"}]","[{""type_adresse"": ""Adresse"", ""complement1"": """", ""complement2"": """", ""numero_voie"": ""35 mail Albert-1er"", ""service_distribution"": """", ""code_postal"": ""80000"", ""nom_commune"": ""Amiens"", ""pays"": """", ""continent"": """", ""longitude"": ""2.299014"", ""latitude"": ""49.889123""}]",80021,"[{""libelle"": """", ""valeur"": ""https://www.caue80.fr/""}, {""libelle"": """", ""valeur"": ""https://www.fncaue.com/caue-et-urcaue-des-hauts-de-france/caue-de-la-somme/""}]"
"Conseil d'architecture, d'urbanisme et de l'environnement (CAUE) - Haute-Saône",contact@caue70.fr,"[{""valeur"": ""03 84 96 97 77"", ""description"": """"}]","[{""type_adresse"": ""Adresse"", ""complement1"": """", ""complement2"": """", ""numero_voie"": ""5a route de Saint-Loup"", ""service_distribution"": """", ""code_postal"": ""70000"", ""nom_commune"": ""Vesoul"", ""pays"": ""France"", ""continent"": ""Europe"", ""longitude"": ""6.164921"", ""latitude"": ""47.638682""}]",70550,"[{""libelle"": """", ""valeur"": ""https://www.caue70.fr/""}, {""libelle"": """", ""valeur"": ""https://www.fncaue.com/caue-et-urcaue-de-bourgogne-franche-comte/caue-de-haute-saone/""}]"
"Conseil d'architecture, d'urbanisme et de l'environnement (CAUE) - Côte-d'Or",info@caue21.fr,"[{""valeur"": ""03 80 30 02 38"", ""description"": """"}]","[{""type_adresse"": ""Adresse"", ""complement1"": """", ""complement2"": """", ""numero_voie"": ""1 rue de Soissons"", ""service_distribution"": """", ""code_postal"": ""21000"", ""nom_commune"": ""Dijon"", ""pays"": """", ""continent"": """", ""longitude"": ""5.041829"", ""latitude"": ""47.324318""}]",21231,"[{""libelle"": """", ""valeur"": ""https://caue21.fr/""}, {""libelle"": """", ""valeur"": ""https://www.fncaue.com/caue-et-urcaue-de-bourgogne-franche-comte/caue-de-cote-d-or/""}]"
"Conseil d'architecture, d'urbanisme et de l'environnement (CAUE) - Saône-et-Loire",contact@caue71.fr,"[{""valeur"": ""03 85 69 05 25"", ""description"": """"}]","[{""type_adresse"": ""Adresse"", ""complement1"": """", ""complement2"": """", ""numero_voie"": ""6 quai Jules Chagot"", ""service_distribution"": """", ""code_postal"": ""71300"", ""nom_commune"": ""Montceau-les-Mines"", ""pays"": """", ""continent"": """", ""longitude"": ""4.365675"", ""latitude"": ""46.678398""}]",71306,"[{""libelle"": """", ""valeur"": ""https://www.caue71.fr/""}, {""libelle"": """", ""valeur"": ""https://www.caue71.fr/le-caue/le-caue-71""}]"
"Conseil d'architecture, d'urbanisme et de l'environnement (CAUE) - Paris",contact@caue75.fr,"[{""valeur"": ""01 48 87 70 56"", ""description"": """"}]","[{""type_adresse"": ""Adresse"", ""complement1"": """", ""complement2"": """", ""numero_voie"": ""20 rue de Paradis"", ""service_distribution"": """", ""code_postal"": ""75010"", ""nom_commune"": ""Paris"", ""pays"": ""France"", ""continent"": ""Europe"", ""longitude"": ""2.353544"", ""latitude"": ""48.874872""}]",75104,"[{""libelle"": """", ""valeur"": ""https://www.caue75.fr/""}, {""libelle"": """", ""valeur"": ""https://www.fncaue.com/caue-et-urcaue-d-ile-de-france/caue-de-paris/""}]"
"Conseil d'architecture, d'urbanisme et de l'environnement (CAUE) - Isère",info@caue-isere.org,"[{""valeur"": ""04 76 00 02 21"", ""description"": """"}]","[{""type_adresse"": ""Adresse"", ""complement1"": """", ""complement2"": """", ""numero_voie"": ""22 rue Hébert"", ""service_distribution"": """", ""code_postal"": ""38000"", ""nom_commune"": ""Grenoble"", ""pays"": """", ""continent"": """", ""longitude"": ""5.73594"", ""latitude"": ""45.1903""}]",38185,"[{""libelle"": """", ""valeur"": ""https://www.caue-isere.org/""}]"
"Conseil d'architecture, d'urbanisme et de l'environnement (CAUE) - Jura",caue39@caue39.fr,"[{""valeur"": ""03 84 24 30 36"", ""description"": """"}]","[{""type_adresse"": ""Adresse"", ""complement1"": """", ""complement2"": """", ""numero_voie"": ""151 rue Regard"", ""service_distribution"": """", ""code_postal"": ""39000"", ""nom_commune"": ""Lons-le-Saunier"", ""pays"": """", ""continent"": """", ""longitude"": ""5.55057808"", ""latitude"": ""46.67534434""}]",39300,"[{""libelle"": """", ""valeur"": ""https://www.caue39.fr/""}, {""libelle"": """", ""valeur"": ""https://www.fncaue.com/caue-et-urcaue-de-bourgogne-franche-comte/caue-du-jura/""}]"
"Conseil d'architecture, d'urbanisme et de l'environnement (CAUE) - Cantal",contact@cauecantal.fr,"[{""valeur"": ""04 71 48 50 22"", ""description"": """"}]","[{""type_adresse"": ""Adresse"", ""complement1"": """", ""complement2"": """", ""numero_voie"": ""19 avenue de la République"", ""service_distribution"": """", ""code_postal"": ""15000"", ""nom_commune"": ""Aurillac"", ""pays"": ""France"", ""continent"": ""Europe"", ""longitude"": ""2.441447"", ""latitude"": ""44.92737""}]",15014,"[{""libelle"": """", ""valeur"": ""https://cauecantal.fr/""}, {""libelle"": """", ""valeur"": ""https://www.fncaue.com/caue-et-urcaue-d-auvergne-rhone-alpes/caue-du-cantal/""}]"
"Conseil d'architecture, d'urbanisme et de l'environnement (CAUE) - Bouches-du-Rhône",caue13@caue13.fr,"[{""valeur"": ""04 96 11 01 20"", ""description"": """"}]","[{""type_adresse"": ""Adresse"", ""complement1"": """", ""complement2"": """", ""numero_voie"": ""18 rue Neuve Sainte-Catherine"", ""service_distribution"": """", ""code_postal"": ""13007"", ""nom_commune"": ""Marseille"", ""pays"": """", ""continent"": """", ""longitude"": ""5.369702"", ""latitude"": ""43.292425""}]",13207,"[{""libelle"": """", ""valeur"": ""https://www.caue13.fr/""}, {""libelle"": """", ""valeur"": ""https://www.fncaue.com/caue-et-urcaue-de-paca/caue-des-bouches-du-rhone/""}]"
"Conseil d'architecture, d'urbanisme et de l'environnement (CAUE) - Pyrénées-Atlantiques",contact@caue64.fr,"[{""valeur"": ""05 59 84 53 66"", ""description"": """"}]","[{""type_adresse"": ""Adresse"", ""complement1"": """", ""complement2"": """", ""numero_voie"": ""4 place Reine-Marguerite"", ""service_distribution"": """", ""code_postal"": ""64000"", ""nom_commune"": ""Pau"", ""pays"": """", ""continent"": """", ""longitude"": ""-0.372115"", ""latitude"": ""43.2953""}]",64445,"[{""libelle"": """", ""valeur"": ""https://www.caue64.fr/""}, {""libelle"": """", ""valeur"": ""https://www.fncaue.com/caue-et-urcaue-de-nouvelle-aquitaine/caue-des-pyrenees-atlantiques/""}]"
"Conseil d'architecture, d'urbanisme et de l'environnement (CAUE) - Pas-de-Calais",caue62@caue62.org,"[{""valeur"": ""03 21 21 65 65"", ""description"": """"}]","[{""type_adresse"": ""Adresse"", ""complement1"": """", ""complement2"": """", ""numero_voie"": ""43 rue d'Amiens"", ""service_distribution"": """", ""code_postal"": ""62000"", ""nom_commune"": ""Arras"", ""pays"": ""France"", ""continent"": ""Europe"", ""longitude"": ""2.765143"", ""latitude"": ""50.29123""}, {""type_adresse"": ""Adresse postale"", ""complement1"": """", ""complement2"": """", ""numero_voie"": ""43 rue d'Amiens"", ""service_distribution"": """", ""code_postal"": ""62018"", ""nom_commune"": ""Arras Cedex 9"", ""pays"": ""France"", ""continent"": ""Europe"", ""longitude"": ""2.765143"", ""latitude"": ""50.29123""}]",62041,"[{""libelle"": """", ""valeur"": ""https://www.caue62.org/""}, {""libelle"": """", ""valeur"": ""https://www.fncaue.com/caue-et-urcaue-des-hauts-de-france/caue-du-pas-de-calais/""}]"
"Conseil d'architecture, d'urbanisme et de l'environnement (CAUE) - Martinique",contact@caue-martinique.com,"[{""valeur"": ""05 96 70 10 10"", ""description"": """"}]","[{""type_adresse"": ""Adresse"", ""complement1"": """", ""complement2"": """", ""numero_voie"": ""31 avenue Pasteur"", ""service_distribution"": """", ""code_postal"": ""92700"", ""nom_commune"": ""Fort-de-France"", ""pays"": ""France"", ""continent"": ""Europe"", ""longitude"": ""-61.06795"", ""latitude"": ""14.61138""}]",97209,"[{""libelle"": """", ""valeur"": ""https://www.caue-martinique.com/""}, {""libelle"": """", ""valeur"": ""https://www.fncaue.com/caue-et-urcaue-de-martinique/caue-martinique/""}]"
"Conseil d'architecture, d'urbanisme et de l'environnement (CAUE) - Vienne",contact@caue86.fr,"[{""valeur"": ""05 49 49 91 83"", ""description"": """"}]","[{""type_adresse"": ""Adresse"", ""complement1"": ""Téléport"", ""complement2"": """", ""numero_voie"": ""2 avenue René-Cassin"", ""service_distribution"": """", ""code_postal"": ""86963"", ""nom_commune"": ""Chasseneuil-du-Poitou"", ""pays"": ""France"", ""continent"": ""Europe"", ""longitude"": ""0.356613"", ""latitude"": ""46.661595""}, {""type_adresse"": ""Adresse postale"", ""complement1"": """", ""complement2"": """", ""numero_voie"": ""avenue René-Cassin"", ""service_distribution"": ""BP 90238"", ""code_postal"": ""86963"", ""nom_commune"": ""Chasseneuil-du-Poitou"", ""pays"": ""France"", ""continent"": ""Europe"", ""longitude"": """", ""latitude"": """"}]",86062,"[{""libelle"": """", ""valeur"": ""https://www.caue86.fr/""}, {""libelle"": """", ""valeur"": ""https://www.fncaue.com/caue-et-urcaue-de-nouvelle-aquitaine/caue-de-la-vienne/""}]"
"Conseil d'architecture, d'urbanisme et de l'environnement (CAUE) - Val-d'Oise",caue95@caue95.org,"[{""valeur"": ""01 30 38 68 68"", ""description"": """"}]","[{""type_adresse"": ""Adresse"", ""complement1"": ""Moulin de la Couleuvre"", ""complement2"": """", ""numero_voie"": ""Rue des Deux-Ponts"", ""service_distribution"": """", ""code_postal"": ""95000"", ""nom_commune"": ""Pontoise"", ""pays"": ""France"", ""continent"": ""Europe"", ""longitude"": ""2.085268"", ""latitude"": ""49.052432""}, {""type_adresse"": ""Adresse postale"", ""complement1"": ""BP 40163"", ""complement2"": """", ""numero_voie"": """", ""service_distribution"": """", ""code_postal"": ""95304"", ""nom_commune"": ""Cergy-Pontoise Cedex"", ""pays"": ""France"", ""continent"": ""Europe"", ""longitude"": """", ""latitude"": """"}]",95500,"[{""libelle"": """", ""valeur"": ""https://www.caue95.org/""}, {""libelle"": """", ""valeur"": ""https://www.fncaue.com/caue-et-urcaue-d-ile-de-france/caue-du-val-d-oise/""}]"
"Conseil d'architecture, d'urbanisme et de l'environnement (CAUE) - Landes",contact@caue40.com,"[{""valeur"": ""05 58 06 11 77"", ""description"": """"}]","[{""type_adresse"": ""Adresse"", ""complement1"": """", ""complement2"": """", ""numero_voie"": ""155 rue Martin-Luther-King"", ""service_distribution"": """", ""code_postal"": ""40000"", ""nom_commune"": ""Mont-de-Marsan"", ""pays"": """", ""continent"": """", ""longitude"": ""-0.493464"", ""latitude"": ""43.8976""}]",40192,"[{""libelle"": """", ""valeur"": ""https://caue40.com/""}, {""libelle"": """", ""valeur"": ""https://www.fncaue.com/caue-et-urcaue-de-nouvelle-aquitaine/caue-des-landes/""}]"
"Conseil d'architecture, d'urbanisme et de l'environnement (CAUE) - Pyrénées-Orientales",contact@caue66.fr,"[{""valeur"": ""04 68 34 12 37"", ""description"": """"}]","[{""type_adresse"": ""Adresse"", ""complement1"": """", ""complement2"": """", ""numero_voie"": ""11 rue du Bastion-Saint-François"", ""service_distribution"": """", ""code_postal"": ""66000"", ""nom_commune"": ""Perpignan"", ""pays"": """", ""continent"": """", ""longitude"": ""2.889598"", ""latitude"": ""42.696357""}]",66136,"[{""libelle"": """", ""valeur"": ""https://www.caue66.fr/""}, {""libelle"": """", ""valeur"": ""https://www.fncaue.com/caue-et-urcaue-d-occitanie/caue-des-pyrenees-orientales/""}]"
"Conseil d'architecture, d'urbanisme et de l'environnement (CAUE) - Eure-et-Loir",contact@caue28.org,"[{""valeur"": ""02 37 21 21 31"", ""description"": """"}]","[{""type_adresse"": ""Adresse"", ""complement1"": ""esplanade Martial Taugourdeau"", ""complement2"": """", ""numero_voie"": ""3 rue Philarète-Chasles"", ""service_distribution"": """", ""code_postal"": ""28300"", ""nom_commune"": ""Mainvilliers"", ""pays"": """", ""continent"": """", ""longitude"": ""1.472289"", ""latitude"": ""48.4457""}]",28229,"[{""libelle"": """", ""valeur"": ""http://caue28.org/""}, {""libelle"": """", ""valeur"": ""https://www.fncaue.com/caue-et-urcaue-du-centre-val-de-loire/caue-d-eure-et-loir/""}]"
"Conseil d'architecture, d'urbanisme et de l'environnement (CAUE) - Ariège",caue.ariege@orange.fr,"[{""valeur"": ""05 34 09 78 30"", ""description"": """"}]","[{""type_adresse"": ""Adresse"", ""complement1"": """", ""complement2"": """", ""numero_voie"": ""26 avenue du stade"", ""service_distribution"": """", ""code_postal"": ""09000"", ""nom_commune"": ""Foix"", ""pays"": ""France"", ""continent"": ""Europe"", ""longitude"": ""1.61868"", ""latitude"": ""42.95384""}]",09122,"[{""libelle"": """", ""valeur"": ""https://www.les-caue-occitanie.fr/ariege""}, {""libelle"": """", ""valeur"": ""https://www.fncaue.com/caue-et-urcaue-d-occitanie/caue-de-l-ariege/""}]"
"Conseil d'architecture, d'urbanisme et de l'environnement (CAUE) - Ain",contact@caue-ain.com,"[{""valeur"": ""04 74 21 11 31"", ""description"": """"}]","[{""type_adresse"": ""Adresse"", ""complement1"": """", ""complement2"": """", ""numero_voie"": ""34 rue Général Delestraint"", ""service_distribution"": """", ""code_postal"": ""01000"", ""nom_commune"": ""Bourg-en-Bresse"", ""pays"": """", ""continent"": """", ""longitude"": ""5.218974"", ""latitude"": ""46.196593""}]",01053,"[{""libelle"": """", ""valeur"": ""https://www.caue01.org/""}, {""libelle"": """", ""valeur"": ""https://www.fncaue.com/caue-et-urcaue-d-auvergne-rhone-alpes/caue-de-l-ain/""}]"
"Conseil d'architecture, d'urbanisme et de l'environnement (CAUE) - Loire-Atlantique",caue44@loireatlantique-developpement.fr;contact@caue44.com,"[{""valeur"": ""02 40 20 20 44"", ""description"": """"}]","[{""type_adresse"": ""Adresse"", ""complement1"": ""Loire-Atlantique développement"", ""complement2"": """", ""numero_voie"": ""2 boulevard de l'Estuaire"", ""service_distribution"": """", ""code_postal"": ""44000"", ""nom_commune"": ""Nantes"", ""pays"": ""France"", ""continent"": ""Europe"", ""longitude"": ""-1.55479"", ""latitude"": ""47.2046""}, {""type_adresse"": ""Adresse postale"", ""complement1"": ""Loire-Atlantique développement"", ""complement2"": """", ""numero_voie"": ""2 boulevard de l'Estuaire"", ""service_distribution"": ""CS 56215"", ""code_postal"": ""44262"", ""nom_commune"": ""Nantes Cedex 2"", ""pays"": ""France"", ""continent"": ""Europe"", ""longitude"": """", ""latitude"": """"}]",44109,"[{""libelle"": """", ""valeur"": ""https://www.caue44.com/""}, {""libelle"": """", ""valeur"": ""https://www.fncaue.com/caue-et-urcaue-des-pays-de-la-loire/caue-de-loire-atlantique/""}]"
"Conseil d'architecture, d'urbanisme et de l'environnement (CAUE) - Alpes-Maritimes",contact@caue06.fr,"[{""valeur"": ""04 92 00 38 38"", ""description"": """"}]","[{""type_adresse"": ""Adresse"", ""complement1"": """", ""complement2"": """", ""numero_voie"": ""26 quai Lunel"", ""service_distribution"": """", ""code_postal"": ""06300"", ""nom_commune"": ""Nice"", ""pays"": """", ""continent"": """", ""longitude"": ""7.28292"", ""latitude"": ""43.695065""}]",06088,"[{""libelle"": """", ""valeur"": ""https://www.caue06.fr/wp/""}, {""libelle"": """", ""valeur"": ""https://www.fncaue.com/caue-et-urcaue-de-paca/caue-des-alpes-maritimes/""}]"
"Conseil d'architecture, d'urbanisme et de l'environnement (CAUE) - Savoie",caue@cauesavoie.org,"[{""valeur"": ""04 79 60 75 50"", ""description"": """"}]","[{""type_adresse"": ""Adresse"", ""complement1"": ""Bâtiment Évolution"", ""complement2"": """", ""numero_voie"": ""25 rue Jean-Pellerin"", ""service_distribution"": """", ""code_postal"": ""73000"", ""nom_commune"": ""Chambéry"", ""pays"": """", ""continent"": """", ""longitude"": ""5.922929"", ""latitude"": ""45.579777""}, {""type_adresse"": ""Adresse postale"", ""complement1"": """", ""complement2"": """", ""numero_voie"": """", ""service_distribution"": ""CS 42632"", ""code_postal"": ""73026"", ""nom_commune"": ""Chambéry Cedex"", ""pays"": """", ""continent"": """", ""longitude"": """", ""latitude"": """"}]",73065,"[{""libelle"": """", ""valeur"": ""http://www.cauesavoie.org/""}, {""libelle"": """", ""valeur"": ""https://www.fncaue.com/caue-et-urcaue-d-auvergne-rhone-alpes/caue-de-la-savoie/""}]"
"Conseil d'architecture, d'urbanisme et de l'environnement (CAUE) - Vendée",caue85@caue85.com,"[{""valeur"": ""02 51 37 44 95"", ""description"": """"}]","[{""type_adresse"": ""Adresse"", ""complement1"": """", ""complement2"": """", ""numero_voie"": ""33 rue de l'Atlantique"", ""service_distribution"": """", ""code_postal"": ""85000"", ""nom_commune"": ""La Roche-sur-Yon"", ""pays"": ""France"", ""continent"": ""Europe"", ""longitude"": ""-1.446589"", ""latitude"": ""46.685192""}]",85191,"[{""libelle"": """", ""valeur"": ""https://www.caue85.com/""}, {""libelle"": """", ""valeur"": ""https://www.fncaue.com/caue-et-urcaue-des-pays-de-la-loire/caue-de-la-vendee/""}]"
"Conseil d'architecture, d'urbanisme et de l'environnement (CAUE) - Hautes-Alpes",caue05@caue05.com,"[{""valeur"": ""04 92 43 60 31"", ""description"": """"}]","[{""type_adresse"": ""Adresse"", ""complement1"": """", ""complement2"": """", ""numero_voie"": ""1 avenue Alexandre Didier"", ""service_distribution"": """", ""code_postal"": ""05200"", ""nom_commune"": ""Embrun"", ""pays"": """", ""continent"": """", ""longitude"": ""6.497628"", ""latitude"": ""44.56618""}]",05046,"[{""libelle"": """", ""valeur"": ""https://www.caue05.com/""}, {""libelle"": """", ""valeur"": ""https://www.fncaue.com/caue-et-urcaue-de-paca/caue-des-hautes-alpes/""}]"
"Conseil d'architecture, d'urbanisme et de l'environnement (CAUE) - Haute-Vienne",contact@caue87.fr,"[{""valeur"": ""05 55 32 32 40 "", ""description"": """"}]","[{""type_adresse"": ""Adresse"", ""complement1"": """", ""complement2"": """", ""numero_voie"": ""1 rue des Allois"", ""service_distribution"": """", ""code_postal"": ""87000"", ""nom_commune"": ""Limoges"", ""pays"": """", ""continent"": """", ""longitude"": ""1.265953"", ""latitude"": ""45.829413""}]",87085,"[{""libelle"": """", ""valeur"": ""http://www.caue87.fr/""}, {""libelle"": """", ""valeur"": ""https://www.fncaue.com/caue-et-urcaue-de-nouvelle-aquitaine/caue-de-la-haute-vienne/""}]"
"Conseil d'architecture, d'urbanisme et de l'environnement (CAUE) - Yonne",accueil@caue89.fr,"[{""valeur"": ""03 58 43 80 33"", ""description"": """"}]","[{""type_adresse"": ""Adresse"", ""complement1"": """", ""complement2"": """", ""numero_voie"": ""11 rue du 4 septembre"", ""service_distribution"": """", ""code_postal"": ""89000"", ""nom_commune"": ""Auxerre"", ""pays"": ""France"", ""continent"": ""Europe"", ""longitude"": ""3.57172"", ""latitude"": ""47.79833""}]",89024,"[{""libelle"": """", ""valeur"": ""https://www.caue89.fr/""}, {""libelle"": """", ""valeur"": ""https://www.fncaue.com/caue-et-urcaue-de-bourgogne-franche-comte/caue-de-l-yonne/""}]"
"Conseil d'architecture, d'urbanisme et de l'environnement (CAUE) - Ardèche",accueil@caue07.fr,"[{""valeur"": ""04 75 64 36 04"", ""description"": """"}]","[{""type_adresse"": ""Adresse"", ""complement1"": """", ""complement2"": """", ""numero_voie"": ""2 bis avenue de l'Europe-Unie"", ""service_distribution"": """", ""code_postal"": ""07000"", ""nom_commune"": ""Privas"", ""pays"": ""France"", ""continent"": ""Europe"", ""longitude"": ""4.598036"", ""latitude"": ""44.734049""}, {""type_adresse"": ""Adresse postale"", ""complement1"": """", ""complement2"": """", ""numero_voie"": ""2 bis avenue de l'Europe-Unie"", ""service_distribution"": ""BP 101"", ""code_postal"": ""07001"", ""nom_commune"": ""Privas Cedex"", ""pays"": ""France"", ""continent"": ""Europe"", ""longitude"": """", ""latitude"": """"}]",07186,"[{""libelle"": """", ""valeur"": ""https://caue07.fr/""}, {""libelle"": """", ""valeur"": ""https://www.fncaue.com/caue-et-urcaue-d-auvergne-rhone-alpes/caue-de-l-ardeche/""}]"
"Conseil d'architecture, d'urbanisme et de l'environnement (CAUE) - Morbihan",conseil@caue56.fr,"[{""valeur"": ""02 97 62 40 90"", ""description"": """"}]","[{""type_adresse"": ""Adresse"", ""complement1"": """", ""complement2"": """", ""numero_voie"": ""2 allée Nicolas-Leblanc"", ""service_distribution"": """", ""code_postal"": ""56000"", ""nom_commune"": ""Vannes"", ""pays"": ""France"", ""continent"": ""Europe"", ""longitude"": ""-2.755151"", ""latitude"": ""47.641414""}]",56260,"[{""libelle"": """", ""valeur"": ""http://www.caue56.fr/""}, {""libelle"": """", ""valeur"": ""https://www.fncaue.com/caue-et-urcaue-de-bretagne/caue-du-morbihan/""}]"
"Conseil d'architecture, d'urbanisme et de l'environnement (CAUE) - Moselle",contact@caue57.com,"[{""valeur"": ""03 87 74 46 06"", ""description"": """"}]","[{""type_adresse"": ""Adresse"", ""complement1"": """", ""complement2"": """", ""numero_voie"": ""17 quai Wiltzer"", ""service_distribution"": """", ""code_postal"": ""57000"", ""nom_commune"": ""Metz"", ""pays"": """", ""continent"": """", ""longitude"": ""6.170939"", ""latitude"": ""49.1284""}, {""type_adresse"": ""Adresse postale"", ""complement1"": """", ""complement2"": """", ""numero_voie"": """", ""service_distribution"": ""CS 90386"", ""code_postal"": ""57007"", ""nom_commune"": ""Metz Cedex 1"", ""pays"": """", ""continent"": """", ""longitude"": """", ""latitude"": """"}]",57463,"[{""libelle"": """", ""valeur"": ""https://www.caue57.com/""}, {""libelle"": """", ""valeur"": ""https://www.fncaue.com/caue-et-urcaue-du-grand-est/caue-de-la-moselle/""}]"
"Conseil d'architecture, d'urbanisme et de l'environnement (CAUE) - Lot-et-Garonne",contact@caue47.com,"[{""valeur"": ""05 53 48 46 70"", ""description"": """"}]","[{""type_adresse"": ""Adresse"", ""complement1"": """", ""complement2"": """", ""numero_voie"": ""9 rue Étienne-Dolet"", ""service_distribution"": """", ""code_postal"": ""47000"", ""nom_commune"": ""Agen"", ""pays"": """", ""continent"": """", ""longitude"": ""0.6153679"", ""latitude"": ""44.1996""}]",47001,"[{""libelle"": """", ""valeur"": ""https://www.caue47.com/""}, {""libelle"": """", ""valeur"": ""https://www.fncaue.com/caue-et-urcaue-de-nouvelle-aquitaine/caue-de-lot-et-garonne/""}]"
"Conseil d'architecture, d'urbanisme et de l'environnement (CAUE) - Gard",accueil@caue30.fr,"[{""valeur"": ""04 66 36 10 60"", ""description"": """"}]","[{""type_adresse"": ""Adresse"", ""complement1"": ""Maison Habitat et Environnement"", ""complement2"": """", ""numero_voie"": ""29 rue Charlemagne"", ""service_distribution"": """", ""code_postal"": ""30000"", ""nom_commune"": ""Nîmes"", ""pays"": """", ""continent"": """", ""longitude"": ""4.36153"", ""latitude"": ""43.8296""}]",30189,"[{""libelle"": """", ""valeur"": ""https://www.les-caue-occitanie.fr/gard""}, {""libelle"": """", ""valeur"": ""https://www.fncaue.com/caue-et-urcaue-d-occitanie/caue-du-gard/""}]"
"Conseil d'architecture, d'urbanisme et de l'environnement (CAUE) - Deux-Sèvres",contact@caue79.fr,"[{""valeur"": ""05 49 28 06 28"", ""description"": ""standart téléphonique uniquement du mardi au jeudi 9h-12h30 et 14h -17h""}]","[{""type_adresse"": ""Adresse"", ""complement1"": ""Maison du département"", ""complement2"": """", ""numero_voie"": ""Mail Lucie-Aubrac"", ""service_distribution"": """", ""code_postal"": ""79000"", ""nom_commune"": ""Niort"", ""pays"": ""France"", ""continent"": ""Europe"", ""longitude"": ""-0.45956"", ""latitude"": ""46.33094""}, {""type_adresse"": ""Adresse postale"", ""complement1"": """", ""complement2"": """", ""numero_voie"": ""Mail Lucie-Aubrac"", ""service_distribution"": ""CS 58880"", ""code_postal"": ""79028"", ""nom_commune"": ""Niort Cedex"", ""pays"": ""France"", ""continent"": ""Europe"", ""longitude"": """", ""latitude"": """"}]",79191,"[{""libelle"": """", ""valeur"": ""http://www.caue79.fr/""}, {""libelle"": """", ""valeur"": ""https://www.fncaue.com/caue-et-urcaue-de-nouvelle-aquitaine/caue-des-deux-sevres/""}]"
"Conseil d'architecture, d'urbanisme et de l'environnement (CAUE) - Doubs",contact@maisonhabitatdoubs.fr,"[{""valeur"": ""03 81 68 37 68"", ""description"": """"}]","[{""type_adresse"": ""Adresse"", ""complement1"": ""Fort Griffon"", ""complement2"": """", ""numero_voie"": ""1 chemin de Ronde"", ""service_distribution"": """", ""code_postal"": ""25000"", ""nom_commune"": ""Besançon"", ""pays"": """", ""continent"": """", ""longitude"": ""6.018814"", ""latitude"": ""47.243212""}]",25056,"[{""libelle"": """", ""valeur"": ""https://www.maisonhabitatdoubs.fr/""}, {""libelle"": """", ""valeur"": ""https://www.fncaue.com/caue-et-urcaue-de-bourgogne-franche-comte/caue-du-doubs/""}]"
"Conseil d'architecture, d'urbanisme et de l'environnement (CAUE) - Meurthe-et-Moselle",caue@caue54.departement54.fr,"[{""valeur"": ""03 83 94 51 78"", ""description"": """"}]","[{""type_adresse"": ""Adresse"", ""complement1"": ""48 esplanade Jacques Baudot"", ""complement2"": """", ""numero_voie"": ""rue du Sergent-Blandan"", ""service_distribution"": """", ""code_postal"": ""54000"", ""nom_commune"": ""Nancy"", ""pays"": ""France"", ""continent"": ""Europe"", ""longitude"": ""6.16748"", ""latitude"": ""48.6793""}, {""type_adresse"": ""Adresse postale"", ""complement1"": """", ""complement2"": """", ""numero_voie"": """", ""service_distribution"": ""CO 90019"", ""code_postal"": ""54035"", ""nom_commune"": ""Nancy Cedex"", ""pays"": ""France"", ""continent"": ""Europe"", ""longitude"": """", ""latitude"": """"}]",54395,"[{""libelle"": """", ""valeur"": ""https://www.caue54.fr/""}, {""libelle"": """", ""valeur"": ""https://www.fncaue.com/caue-et-urcaue-du-grand-est/caue-de-meurthe-et-moselle/""}]"
"Conseil d'architecture, d'urbanisme et de l'environnement (CAUE) - Tarn-et-Garonne",caue82@ledepartement82.fr,"[{""valeur"": ""05 63 03 80 88 "", ""description"": """"}]","[{""type_adresse"": ""Adresse"", ""complement1"": ""Hôtel du département"", ""complement2"": """", ""numero_voie"": ""100 boulevard Hubert-Gouze"", ""service_distribution"": """", ""code_postal"": ""82000"", ""nom_commune"": ""Montauban"", ""pays"": """", ""continent"": """", ""longitude"": ""1.358952"", ""latitude"": ""44.008824""}]",82121,"[{""libelle"": """", ""valeur"": ""https://www.les-caue-occitanie.fr/tarn-et-garonne""}, {""libelle"": """", ""valeur"": ""https://www.fncaue.com/caue-et-urcaue-d-occitanie/caue-de-tarn-et-garonne/""}]"
"Conseil d'architecture, d'urbanisme et de l'environnement (CAUE) - Meuse",contact@caue55.fr,"[{""valeur"": ""03 29 45 77 68"", ""description"": """"}]","[{""type_adresse"": ""Adresse"", ""complement1"": """", ""complement2"": """", ""numero_voie"": ""28 rue des Romains"", ""service_distribution"": """", ""code_postal"": ""55000"", ""nom_commune"": ""Bar-le-Duc"", ""pays"": """", ""continent"": """", ""longitude"": ""5.160239"", ""latitude"": ""48.7786""}]",55029,"[{""libelle"": """", ""valeur"": ""https://www.caue55.fr/""}, {""libelle"": """", ""valeur"": ""https://www.fncaue.com/caue-et-urcaue-du-grand-est/caue-de-la-meuse/""}]"
"Conseil d'architecture, d'urbanisme et de l'environnement (CAUE) - Hauts-de-Seine",contact@caue92.com,"[{""valeur"": ""01 71 04 52 49"", ""description"": """"}]","[{""type_adresse"": ""Adresse"", ""complement1"": """", ""complement2"": """", ""numero_voie"": ""279 terrasse de l'Université"", ""service_distribution"": """", ""code_postal"": ""92000"", ""nom_commune"": ""Nanterre"", ""pays"": """", ""continent"": """", ""longitude"": ""2.217444"", ""latitude"": ""48.898745""}]",92050,"[{""libelle"": """", ""valeur"": ""https://www.caue92.fr/""}, {""libelle"": """", ""valeur"": ""https://www.fncaue.com/caue-et-urcaue-d-ile-de-france/caue-des-hauts-de-seine/""}]"
"Conseil d'architecture, d'urbanisme et de l'environnement (CAUE) - Cher",contact@caue18.fr,"[{""valeur"": ""02 48 50 75 18"", ""description"": """"}]","[{""type_adresse"": ""Adresse"", ""complement1"": """", ""complement2"": """", ""numero_voie"": ""11 rue Henri-Dunant"", ""service_distribution"": """", ""code_postal"": ""18000"", ""nom_commune"": ""Bourges"", ""pays"": ""France"", ""continent"": ""Europe"", ""longitude"": ""2.404859"", ""latitude"": ""47.073128""}]",18033,"[{""libelle"": """", ""valeur"": ""https://caue18.fr/""}, {""libelle"": """", ""valeur"": ""https://www.fncaue.com/caue-et-urcaue-du-centre-val-de-loire/caue-du-cher/""}]"
"Conseil d'architecture, d'urbanisme et de l'environnement (CAUE) - Charente",contact@caue16.fr,"[{""valeur"": ""05 45 92 95 93"", ""description"": """"}]","[{""type_adresse"": ""Adresse"", ""complement1"": """", ""complement2"": """", ""numero_voie"": ""31 boulevard Besson Bey"", ""service_distribution"": """", ""code_postal"": ""16000"", ""nom_commune"": ""Angoulême"", ""pays"": """", ""continent"": """", ""longitude"": ""0.160609"", ""latitude"": ""45.657923""}]",16015,"[{""libelle"": """", ""valeur"": ""https://www.caue16.fr/""}, {""libelle"": """", ""valeur"": ""https://www.fncaue.com/caue-et-urcaue-de-nouvelle-aquitaine/caue-de-la-charente/""}]"
"Conseil d'architecture, d'urbanisme et de l'environnement (CAUE) - Gers",cauegers@caue32.fr,"[{""valeur"": ""05 62 05 75 34"", ""description"": ""Tous les matins de 9h à 12h - Les mardis et jeudis de 14h à 17h""}]","[{""type_adresse"": ""Adresse"", ""complement1"": """", ""complement2"": """", ""numero_voie"": ""93 route de Pessan"", ""service_distribution"": """", ""code_postal"": ""32000"", ""nom_commune"": ""Auch"", ""pays"": """", ""continent"": """", ""longitude"": ""0.601886"", ""latitude"": ""43.6381""}]",32013,"[{""libelle"": """", ""valeur"": ""https://www.les-caue-occitanie.fr/gers""}, {""libelle"": """", ""valeur"": ""https://www.fncaue.com/caue-et-urcaue-d-occitanie/caue-du-gers/""}]"
"Conseil d'architecture, d'urbanisme et de l'environnement (CAUE) - Finistère",contact@caue-finistere.fr,"[{""valeur"": ""02 98 98 69 15"", ""description"": """"}]","[{""type_adresse"": ""Adresse"", ""complement1"": """", ""complement2"": """", ""numero_voie"": ""2 rue Théodore Le Hars"", ""service_distribution"": """", ""code_postal"": ""29000"", ""nom_commune"": ""Quimper"", ""pays"": """", ""continent"": """", ""longitude"": ""-4.09991"", ""latitude"": ""47.9947""}, {""type_adresse"": ""Adresse postale"", ""complement1"": """", ""complement2"": """", ""numero_voie"": ""32 boulevard Dupleix"", ""service_distribution"": ""CS 29029"", ""code_postal"": ""29196"", ""nom_commune"": ""Quimper Cedex"", ""pays"": """", ""continent"": """", ""longitude"": """", ""latitude"": """"}]",29232,"[{""libelle"": """", ""valeur"": ""https://www.caue-finistere.fr/""}, {""libelle"": """", ""valeur"": ""https://www.fncaue.com/caue-et-urcaue-de-bretagne/caue-du-finistere/""}]"
"Conseil d'architecture, d'urbanisme et de l'environnement (CAUE) - Charente-Maritime",contact@caue17.fr,"[{""valeur"": ""05 48 17 25 00"", ""description"": """"}]","[{""type_adresse"": ""Adresse"", ""complement1"": """", ""complement2"": """", ""numero_voie"": ""85 boulevard de la République"", ""service_distribution"": """", ""code_postal"": ""17000"", ""nom_commune"": ""La Rochelle"", ""pays"": ""France"", ""continent"": ""Europe"", ""longitude"": ""-1.15164"", ""latitude"": ""46.13876""}, {""type_adresse"": ""Adresse postale"", ""complement1"": """", ""complement2"": """", ""numero_voie"": ""85 boulevard de la République"", ""service_distribution"": ""CS 81076"", ""code_postal"": ""17076"", ""nom_commune"": ""La Rochelle Cedex 09"", ""pays"": ""France"", ""continent"": ""Europe"", ""longitude"": """", ""latitude"": """"}]",17300,"[{""libelle"": """", ""valeur"": ""https://caue17.com/contact/""}, {""libelle"": """", ""valeur"": ""https://www.fncaue.com/caue-et-urcaue-de-nouvelle-aquitaine/caue-de-la-charente-maritime/""}]"
"Conseil d'architecture, d'urbanisme et de l'environnement (CAUE) - Eure",contact@caue27.fr,"[{""valeur"": ""02 32 33 15 78"", ""description"": """"}]","[{""type_adresse"": ""Adresse"", ""complement1"": """", ""complement2"": """", ""numero_voie"": ""22 rue Joséphine"", ""service_distribution"": """", ""code_postal"": ""27000"", ""nom_commune"": ""Évreux"", ""pays"": """", ""continent"": """", ""longitude"": ""1.144409"", ""latitude"": ""49.0243""}]",27229,"[{""libelle"": """", ""valeur"": ""https://caue27.fr/""}, {""libelle"": """", ""valeur"": ""https://www.fncaue.com/caue-et-urcaue-de-normandie/caue-de-l-eure/""}]"
"Conseil d'architecture, d'urbanisme et de l'environnement (CAUE) - Corse-du-Sud",caue-2a@wanadoo.fr,"[{""valeur"": ""04 95 21 19 48"", ""description"": """"}]","[{""type_adresse"": ""Adresse"", ""complement1"": """", ""complement2"": """", ""numero_voie"": ""18 cours Grandval"", ""service_distribution"": """", ""code_postal"": ""20000"", ""nom_commune"": ""Ajaccio"", ""pays"": ""France"", ""continent"": ""Europe"", ""longitude"": ""8.733551"", ""latitude"": ""41.918316""}]",2A004,"[{""libelle"": """", ""valeur"": ""https://caue.corsica/""}, {""libelle"": """", ""valeur"": ""https://www.fncaue.com/caue-et-urcaue-de-corse/caue-de-corse/""}]"
"Conseil d'architecture, d'urbanisme et de l'environnement (CAUE) - Allier",contact@caue03.fr,"[{""valeur"": ""04 70 20 11 00"", ""description"": ""Accueil téléphonique mardi, mercredi, jeudi de 9h à 17h""}]","[{""type_adresse"": ""Adresse"", ""complement1"": """", ""complement2"": """", ""numero_voie"": ""14 rue de Decize"", ""service_distribution"": """", ""code_postal"": ""03000"", ""nom_commune"": ""Moulins"", ""pays"": """", ""continent"": """", ""longitude"": ""3.332472408254571"", ""latitude"": ""46.569293957395615""}]",03190,"[{""libelle"": """", ""valeur"": ""https://www.caue03.com/""}, {""libelle"": """", ""valeur"": ""https://www.fncaue.com/caue-et-urcaue-d-auvergne-rhone-alpes/caue-de-l-allier/""}]"
"Conseil d'architecture, d'urbanisme et de l'environnement (CAUE) - Oise",contact@caue60.com,"[{""valeur"": ""03 44 82 14 14"", ""description"": """"}]","[{""type_adresse"": ""Adresse"", ""complement1"": """", ""complement2"": """", ""numero_voie"": ""4 rue de l'Abbé-du-Bos"", ""service_distribution"": """", ""code_postal"": ""60000"", ""nom_commune"": ""Beauvais"", ""pays"": ""France"", ""continent"": ""Europe"", ""longitude"": ""2.083509"", ""latitude"": ""49.4349""}]",60057,"[{""libelle"": """", ""valeur"": ""https://www.caue60.com/page/2296602-l-association""}, {""libelle"": """", ""valeur"": ""https://www.fncaue.com/caue-et-urcaue-des-hauts-de-france/caue-de-l-oise/""}]"
"Conseil d'architecture, d'urbanisme et de l'environnement (CAUE) - Drôme",caue@dromenet.org,"[{""valeur"": ""04 75 79 04 03"", ""description"": """"}]","[{""type_adresse"": ""Adresse"", ""complement1"": """", ""complement2"": """", ""numero_voie"": ""Place Jean Collombet"", ""service_distribution"": """", ""code_postal"": ""26000"", ""nom_commune"": ""Valence"", ""pays"": ""France"", ""continent"": ""Europe"", ""longitude"": ""4.896893"", ""latitude"": ""44.929813""}, {""type_adresse"": ""Adresse postale"", ""complement1"": """", ""complement2"": """", ""numero_voie"": ""44 rue Faventines"", ""service_distribution"": ""BP 1022"", ""code_postal"": ""26010"", ""nom_commune"": ""Valence Cedex"", ""pays"": ""France"", ""continent"": ""Europe"", ""longitude"": ""4.897031"", ""latitude"": ""44.93051""}]",26362,"[{""libelle"": """", ""valeur"": ""http://caue.dromenet.org""}, {""libelle"": """", ""valeur"": ""https://www.fncaue.com/caue-et-urcaue-d-auvergne-rhone-alpes/caue-de-la-drome/""}]"
"Conseil d'architecture, d'urbanisme et de l'environnement (CAUE) - Côtes-d'Armor",caue22@wanadoo.fr,"[{""valeur"": ""03 96 61 51 97"", ""description"": """"}]","[{""type_adresse"": ""Adresse"", ""complement1"": """", ""complement2"": """", ""numero_voie"": ""29 avenue des Promenades"", ""service_distribution"": """", ""code_postal"": ""22000"", ""nom_commune"": ""Saint-Brieuc"", ""pays"": """", ""continent"": """", ""longitude"": ""-2.75752"", ""latitude"": ""48.51389""}]",22278,"[{""libelle"": """", ""valeur"": ""https://www.caue22.fr/""}, {""libelle"": """", ""valeur"": ""https://www.fncaue.com/caue-et-urcaue-de-bretagne/caue-des-cotes-d-armor/""}]"
"Conseil d'architecture, d'urbanisme et de l'environnement (CAUE) - Haute-Corse",secretariat@caue.corsica;info@caue.corsica,"[{""valeur"": ""04 95 31 80 90"", ""description"": """"}]","[{""type_adresse"": ""Adresse"", ""complement1"": """", ""complement2"": ""Immeuble l'Expo"", ""numero_voie"": ""9 avenue de la Libération"", ""service_distribution"": """", ""code_postal"": ""20600"", ""nom_commune"": ""Bastia"", ""pays"": ""France"", ""continent"": ""Europe"", ""longitude"": ""9.445449"", ""latitude"": ""42.686015""}]",2B033,"[{""libelle"": """", ""valeur"": ""https://caue.corsica/""}, {""libelle"": """", ""valeur"": ""https://www.fncaue.com/caue-et-urcaue-de-corse/caue-de-corse/""}]"
"Conseil d'architecture, d'urbanisme et de l'environnement (CAUE) - Indre-et-Loire",caue37@caue37.fr,"[{""valeur"": ""02 47 31 13 40"", ""description"": """"}]","[{""type_adresse"": ""Adresse"", ""complement1"": """", ""complement2"": """", ""numero_voie"": ""34 place de la Préfecture"", ""service_distribution"": """", ""code_postal"": ""37000"", ""nom_commune"": ""Tours"", ""pays"": """", ""continent"": """", ""longitude"": ""0.690808"", ""latitude"": ""47.3933""}]",37261,"[{""libelle"": """", ""valeur"": ""https://www.caue37.fr/""}, {""libelle"": """", ""valeur"": ""https://www.fncaue.com/caue-et-urcaue-du-centre-val-de-loire/caue-d-indre-et-loire/""}]"
"Conseil d'architecture, d'urbanisme et de l'environnement (CAUE) - Aude",caue.aude@gmail.com,"[{""valeur"": ""04 68 11 56 20"", ""description"": """"}]","[{""type_adresse"": ""Adresse"", ""complement1"": ""Maison Architecture et Environnement"", ""complement2"": """", ""numero_voie"": ""28 avenue Claude Bernard"", ""service_distribution"": """", ""code_postal"": ""11000"", ""nom_commune"": ""Carcassonne"", ""pays"": """", ""continent"": """", ""longitude"": ""2.348639"", ""latitude"": ""43.228437""}]",11069,"[{""libelle"": """", ""valeur"": ""https://www.les-caue-occitanie.fr/aude""}, {""libelle"": """", ""valeur"": ""https://www.fncaue.com/caue-et-urcaue-d-occitanie/caue-de-l-aude/""}]"
"Conseil d'architecture, d'urbanisme et de l'environnement (CAUE) - Maine-et-Loire",contact@caue49.com,"[{""valeur"": ""02 41 22 99 99"", ""description"": """"}]","[{""type_adresse"": ""Adresse"", ""complement1"": ""Maison de l'Architecture"", ""complement2"": """", ""numero_voie"": ""312 avenue René-Gasnier"", ""service_distribution"": """", ""code_postal"": ""49100"", ""nom_commune"": ""Angers"", ""pays"": """", ""continent"": """", ""longitude"": ""-0.5775429"", ""latitude"": ""47.4926""}]",49007,"[{""libelle"": """", ""valeur"": ""https://www.caue49.com/""}, {""libelle"": """", ""valeur"": ""https://www.fncaue.com/caue-et-urcaue-des-pays-de-la-loire/caue-de-maine-et-loire/""}]"
"Conseil d'architecture, d'urbanisme et de l'environnement (CAUE) - La Réunion",courrier@caue974.com;communication@caue974.com,"[{""valeur"": ""02 62 21 60 86"", ""description"": """"}]","[{""type_adresse"": ""Adresse"", ""complement1"": """", ""complement2"": """", ""numero_voie"": ""12 rue Monseigneur-de-Beaumont"", ""service_distribution"": """", ""code_postal"": ""97400"", ""nom_commune"": ""Saint-Denis"", ""pays"": ""France"", ""continent"": ""Europe"", ""longitude"": ""55.452255"", ""latitude"": ""-20.884659""}, {""type_adresse"": ""Adresse postale"", ""complement1"": """", ""complement2"": """", ""numero_voie"": ""12 rue Monseigneur-de-Beaumont"", ""service_distribution"": ""BP 20868"", ""code_postal"": ""97477"", ""nom_commune"": ""Saint-Denis Cedex"", ""pays"": ""France"", ""continent"": ""Europe"", ""longitude"": ""55.452255"", ""latitude"": ""-20.884659""}]",97411,"[{""libelle"": """", ""valeur"": ""https://s-pass.org/fr/""}, {""libelle"": """", ""valeur"": ""https://www.fncaue.com/caue-et-urcaue-de-la-reunion/caue-de-l-ile-de-la-reunion/""}]"
"Conseil d'architecture, d'urbanisme et de l'environnement (CAUE) - Hautes-Pyrénées",caue-65@orange.fr,"[{""valeur"": ""05 62 56 71 45"", ""description"": """"}]","[{""type_adresse"": ""Adresse"", ""complement1"": """", ""complement2"": """", ""numero_voie"": ""14 Boulevard Claude Debussy"", ""service_distribution"": """", ""code_postal"": ""65000"", ""nom_commune"": ""Tarbes"", ""pays"": ""France"", ""continent"": ""Europe"", ""longitude"": ""0.066561"", ""latitude"": ""43.22143""}]",65440,"[{""libelle"": """", ""valeur"": ""https://www.les-caue-occitanie.fr/hautes-pyrenees""}, {""libelle"": """", ""valeur"": ""https://www.fncaue.com/caue-et-urcaue-d-occitanie/caue-des-hautes-pyrenees/""}]"
"Conseil d'architecture, d'urbanisme et de l'environnement (CAUE) - Essonne",caue91@caue91.asso.fr,"[{""valeur"": ""01 60 79 35 44"", ""description"": """"}]","[{""type_adresse"": ""Adresse"", ""complement1"": """", ""complement2"": ""Clos de l'Agora"", ""numero_voie"": ""3 rue des Mazières"", ""service_distribution"": """", ""code_postal"": ""91000"", ""nom_commune"": ""Évry-Courcouronnes"", ""pays"": ""France"", ""continent"": ""Europe"", ""longitude"": ""2.430932"", ""latitude"": ""48.63006""}]",91228,"[{""libelle"": """", ""valeur"": ""https://www.caue91.asso.fr/""}, {""libelle"": """", ""valeur"": ""https://www.fncaue.com/caue-et-urcaue-d-ile-de-france/caue-de-l-essonne/""}]"
"Conseil d'architecture, d'urbanisme et de l'environnement (CAUE) - Seine-Maritime",caue@caue76.org,"[{""valeur"": ""02 35 72 94 50"", ""description"": """"}]","[{""type_adresse"": ""Adresse"", ""complement1"": """", ""complement2"": """", ""numero_voie"": ""27 François-Mitterrand"", ""service_distribution"": """", ""code_postal"": ""76140"", ""nom_commune"": ""Le Petit-Quevilly"", ""pays"": ""France"", ""continent"": ""Europe"", ""longitude"": ""1.063181"", ""latitude"": ""49.424246""}, {""type_adresse"": ""Adresse postale"", ""complement1"": """", ""complement2"": """", ""numero_voie"": """", ""service_distribution"": ""BP 90241"", ""code_postal"": ""76142"", ""nom_commune"": ""Le Petit-Quevilly Cedex"", ""pays"": """", ""continent"": """", ""longitude"": """", ""latitude"": """"}]",76498,"[{""libelle"": """", ""valeur"": ""https://www.caue76.fr/""}, {""libelle"": """", ""valeur"": ""https://www.fncaue.com/caue-et-urcaue-de-normandie/caue-de-seine-maritime/""}]"
"Conseil d'architecture, d'urbanisme et de l'environnement (CAUE) - Alsace - Site de Colmar",info@caue-alsace.com,"[{""valeur"": ""03 89 23 33 01"", ""description"": """"}]","[{""type_adresse"": ""Adresse"", ""complement1"": """", ""complement2"": """", ""numero_voie"": ""16A avenue de la Liberté"", ""service_distribution"": """", ""code_postal"": ""68000"", ""nom_commune"": ""Colmar"", ""pays"": """", ""continent"": """", ""longitude"": ""7.341403"", ""latitude"": ""48.076412""}]",68066,"[{""libelle"": """", ""valeur"": ""https://www.caue-alsace.com/""}, {""libelle"": """", ""valeur"": ""https://www.fncaue.com/caue-et-urcaue-du-grand-est/caue-d-alsace/""}]"
"Conseil d'architecture, d'urbanisme et de l'environnement (CAUE) - Hérault",contact@caue34.fr,"[{""valeur"": ""04 99 13 37 00"", ""description"": """"}]","[{""type_adresse"": ""Adresse"", ""complement1"": """", ""complement2"": """", ""numero_voie"": ""19 rue Saint-Louis"", ""service_distribution"": """", ""code_postal"": ""34000"", ""nom_commune"": ""Montpellier"", ""pays"": """", ""continent"": """", ""longitude"": ""3.866589"", ""latitude"": ""43.6111""}]",34172,"[{""libelle"": """", ""valeur"": ""https://www.caue34.fr/""}, {""libelle"": """", ""valeur"": ""https://www.fncaue.com/caue-et-urcaue-d-occitanie/caue-de-l-herault/""}]"
"Conseil d'architecture, d'urbanisme et de l'environnement (CAUE) - Lot",caue.46@wanadoo.fr,"[{""valeur"": ""05 65 30 14 35"", ""description"": """"}]","[{""type_adresse"": ""Adresse"", ""complement1"": ""Cité Bessières"", ""complement2"": """", ""numero_voie"": ""135 rue Pierre-Mendès-France"", ""service_distribution"": """", ""code_postal"": ""46000"", ""nom_commune"": ""Cahors"", ""pays"": ""France"", ""continent"": ""Europe"", ""longitude"": ""1.436779"", ""latitude"": ""44.4554""}]",46042,"[{""libelle"": """", ""valeur"": ""https://www.les-caue-occitanie.fr/lot""}, {""libelle"": """", ""valeur"": ""https://www.fncaue.com/caue-et-urcaue-d-occitanie/caue-du-lot/""}]"
"Conseil d'architecture, d'urbanisme et de l'environnement (CAUE) - Aveyron",caue@caueaveyron.fr,"[{""valeur"": ""05 65 68 66 45"", ""description"": """"}]","[{""type_adresse"": ""Adresse"", ""complement1"": ""Immeuble Sainte-Catherine"", ""complement2"": """", ""numero_voie"": ""5 place Sainte-Catherine"", ""service_distribution"": """", ""code_postal"": ""12000"", ""nom_commune"": ""Rodez"", ""pays"": ""France"", ""continent"": ""Europe"", ""longitude"": ""2.576778"", ""latitude"": ""44.350065""}]",12202,"[{""libelle"": """", ""valeur"": ""https://caueactu.fr/""}, {""libelle"": """", ""valeur"": ""https://www.fncaue.com/caue-et-urcaue-d-occitanie/caue-de-l-aveyron/""}]"
"Conseil d'architecture, d'urbanisme et de l'environnement (CAUE) - Nord",contact@caue-nord.com,"[{""valeur"": ""03 20 57 67 67"", ""description"": """"}]","[{""type_adresse"": ""Adresse"", ""complement1"": """", ""complement2"": """", ""numero_voie"": ""98 rue des Stations"", ""service_distribution"": """", ""code_postal"": ""59000"", ""nom_commune"": ""Lille"", ""pays"": ""France"", ""continent"": ""Europe"", ""longitude"": ""3.04286"", ""latitude"": ""50.6265""}]",59350,"[{""libelle"": """", ""valeur"": ""https://www.caue-nord.com/fr/portail/41/index.html""}, {""libelle"": """", ""valeur"": ""https://www.fncaue.com/caue-et-urcaue-des-hauts-de-france/caue-du-nord/""}]"
"Conseil d'architecture, d'urbanisme et de l'environnement (CAUE) - Val-de-Marne",contact@caue94.fr,"[{""valeur"": ""01 48 52 55 20"", ""description"": """"}]","[{""type_adresse"": ""Adresse"", ""complement1"": """", ""complement2"": """", ""numero_voie"": ""36 rue Edmond-Nocard"", ""service_distribution"": """", ""code_postal"": ""94700"", ""nom_commune"": ""Maisons-Alfort"", ""pays"": """", ""continent"": """", ""longitude"": ""2.429193"", ""latitude"": ""48.8134""}]",94046,"[{""libelle"": """", ""valeur"": ""https://www.caue94.fr/""}, {""libelle"": """", ""valeur"": ""https://www.fncaue.com/caue-et-urcaue-d-ile-de-france/caue-du-val-de-marne/""}]"
"Conseil d'architecture, d'urbanisme et de l'environnement (CAUE) - Guadeloupe",contact@caue971.org,"[{""valeur"": ""05 90 81 83 85"", ""description"": """"}]","[{""type_adresse"": ""Adresse"", ""complement1"": ""Bâtiment B 46"", ""complement2"": ""Centre commercial Le Pérou"", ""numero_voie"": """", ""service_distribution"": """", ""code_postal"": ""97139"", ""nom_commune"": ""Les Abymes"", ""pays"": ""France"", ""continent"": ""Europe"", ""longitude"": ""-61.50025"", ""latitude"": ""16.265018""}, {""type_adresse"": ""Adresse postale"", ""complement1"": ""Bâtiment B 46"", ""complement2"": ""Centre commercial Le Pérou"", ""numero_voie"": """", ""service_distribution"": ""BP 136"", ""code_postal"": ""97181"", ""nom_commune"": ""Abymes Cedex"", ""pays"": ""France"", ""continent"": ""Europe"", ""longitude"": ""-61.50025"", ""latitude"": ""16.265018""}]",97101,"[{""libelle"": """", ""valeur"": ""https://www.caue971.org/fr/portail/775/index.html""}, {""libelle"": """", ""valeur"": ""https://www.fncaue.com/caue-et-urcaue-de-guadeloupe/caue-de-la-guadeloupe/""}]"
"Conseil d'architecture, d'urbanisme et de l'environnement (CAUE) - Haute-Marne",caue@haute-marne.fr,"[{""valeur"": ""03 25 32 52 62"", ""description"": """"}]","[{""type_adresse"": ""Adresse"", ""complement1"": ""Hôtel du département"", ""complement2"": ""1 rue du Commandant-Hugueny"", ""numero_voie"": """", ""service_distribution"": """", ""code_postal"": ""52000"", ""nom_commune"": ""Chaumont"", ""pays"": ""France"", ""continent"": ""Europe"", ""longitude"": ""5.129976"", ""latitude"": ""48.104305""}, {""type_adresse"": ""Adresse postale"", ""complement1"": """", ""complement2"": """", ""numero_voie"": ""1 rue du Commandant-Hugueny"", ""service_distribution"": """", ""code_postal"": ""52905"", ""nom_commune"": ""Chaumont Cedex 9"", ""pays"": ""France"", ""continent"": ""Europe"", ""longitude"": ""5.143848"", ""latitude"": ""48.11529""}]",52121,"[{""libelle"": """", ""valeur"": ""https://www.fncaue.com/caue-et-urcaue-du-grand-est/caue-de-la-haute-marne/""}, {""libelle"": """", ""valeur"": ""https://haute-marne.fr/nos-missions/ruralite/environnement-2/""}]"
"Conseil d'architecture, d'urbanisme et de l'environnement (CAUE) - Vosges",caue88@vosges.fr,"[{""valeur"": ""03 29 29 89 40"", ""description"": """"}]","[{""type_adresse"": ""Adresse"", ""complement1"": """", ""complement2"": ""Conseil départemental des Vosges"", ""numero_voie"": ""8 rue de la Préfecture"", ""service_distribution"": """", ""code_postal"": ""88000"", ""nom_commune"": ""Epinal"", ""pays"": ""France"", ""continent"": ""Europe"", ""longitude"": ""6.449633"", ""latitude"": ""48.17153""}, {""type_adresse"": ""Adresse postale"", ""complement1"": ""Conseil départemental des Vosges"", ""complement2"": """", ""numero_voie"": """", ""service_distribution"": """", ""code_postal"": ""88088"", ""nom_commune"": ""Epinal Cedex 9"", ""pays"": ""France"", ""continent"": ""Europe"", ""longitude"": ""3.885732"", ""latitude"": ""45.47039""}]",88160,"[{""libelle"": """", ""valeur"": ""https://www.saulcy-sur-meurthe.fr/urbanisme/caue-88""}, {""libelle"": """", ""valeur"": ""https://www.fncaue.com/caue-et-urcaue-du-grand-est/caue-des-vosges/""}]"
"Conseil d'architecture, d'urbanisme et de l'environnement (CAUE) - Sarthe",contact@caue-sarthe.com,"[{""valeur"": ""02 43 72 35 31"", ""description"": """"}]","[{""type_adresse"": ""Adresse"", ""complement1"": """", ""complement2"": """", ""numero_voie"": ""1 rue de la Mariette"", ""service_distribution"": """", ""code_postal"": ""72000"", ""nom_commune"": ""Le Mans"", ""pays"": ""France"", ""continent"": ""Europe"", ""longitude"": ""0.208409"", ""latitude"": ""47.999333""}]",72181,"[{""libelle"": """", ""valeur"": ""https://www.caue-sarthe.com/""}, {""libelle"": """", ""valeur"": ""https://www.caue72-collectiviteslocales.com/""}, {""libelle"": """", ""valeur"": ""https://caue-docouest.com/""}, {""libelle"": """", ""valeur"": ""https://www.fncaue.com/caue-et-urcaue-des-pays-de-la-loire/caue-de-la-sarthe/""}]"
"Conseil d'architecture, d'urbanisme et de l'environnement (CAUE) - Haute-Loire",contact@caue43.fr,"[{""valeur"": ""04 71 07 41 76"", ""description"": """"}]","[{""type_adresse"": ""Adresse"", ""complement1"": """", ""complement2"": """", ""numero_voie"": ""16 rue Jean-Solvain"", ""service_distribution"": """", ""code_postal"": ""43000"", ""nom_commune"": ""Le Puy-en-Velay"", ""pays"": ""France"", ""continent"": ""Europe"", ""longitude"": ""3.89323"", ""latitude"": ""45.0452""}]",43157,"[{""libelle"": """", ""valeur"": ""https://www.caue43.fr/""}, {""libelle"": """", ""valeur"": ""https://www.fncaue.com/caue-et-urcaue-d-auvergne-rhone-alpes/caue-de-haute-loire/""}]"
"Conseil d'architecture, d'urbanisme et de l'environnement (CAUE) - Yvelines",caue78@caue78.com,"[{""valeur"": ""01 30 48 00 14"", ""description"": """"}]","[{""type_adresse"": ""Adresse"", ""complement1"": ""Centre commercial"", ""complement2"": """", ""numero_voie"": ""3 place Robert Schuman"", ""service_distribution"": """", ""code_postal"": ""78180"", ""nom_commune"": ""Montigny-le-Bretonneux"", ""pays"": ""France"", ""continent"": ""Europe"", ""longitude"": ""2.043671"", ""latitude"": ""48.782657""}]",78423,"[{""libelle"": """", ""valeur"": ""https://www.caue78.fr/""}, {""libelle"": """", ""valeur"": ""https://www.fncaue.com/caue-et-urcaue-d-ile-de-france/caue-des-yvelines/""}]"
"Conseil d'architecture, d'urbanisme et de l'environnement (CAUE) - Mayenne",accueil@caue53.com,"[{""valeur"": ""02 43 56 41 79"", ""description"": """"}]","[{""type_adresse"": ""Adresse"", ""complement1"": """", ""complement2"": """", ""numero_voie"": ""2 rue de l'Ermitage"", ""service_distribution"": """", ""code_postal"": ""53000"", ""nom_commune"": ""Laval"", ""pays"": ""France"", ""continent"": ""Europe"", ""longitude"": ""-0.7715719"", ""latitude"": ""48.0774""}]",53130,"[{""libelle"": """", ""valeur"": ""https://www.caue53.com/""}, {""libelle"": """", ""valeur"": ""https://www.fncaue.com/caue-et-urcaue-des-pays-de-la-loire/caue-de-la-mayenne/""}]"
"Conseil d'architecture, d'urbanisme et de l'environnement (CAUE) - Puy-de-Dôme",contact@caue63.com,"[{""valeur"": ""04 73 42 21 20"", ""description"": """"}]","[{""type_adresse"": ""Adresse"", ""complement1"": ""Maison de l'habitat"", ""complement2"": """", ""numero_voie"": ""129 avenue de la République"", ""service_distribution"": """", ""code_postal"": ""63100"", ""nom_commune"": ""Clermont-Ferrand"", ""pays"": ""France"", ""continent"": ""Europe"", ""longitude"": ""3.10969"", ""latitude"": ""45.7896""}]",63113,"[{""libelle"": """", ""valeur"": ""https://www.caue63.com/""}, {""libelle"": """", ""valeur"": ""https://www.fncaue.com/caue-et-urcaue-d-auvergne-rhone-alpes/caue-du-puy-de-dome/""}]"
"Conseil d'architecture, d'urbanisme et de l'environnement (CAUE) - Dordogne",courriel@cauedordogne.com,"[{""valeur"": ""05 53 08 37 13"", ""description"": """"}]","[{""type_adresse"": ""Adresse"", ""complement1"": """", ""complement2"": ""L'Oustal"", ""numero_voie"": ""175 rue Matha Desrumaux"", ""service_distribution"": """", ""code_postal"": ""24000"", ""nom_commune"": ""Périgueux"", ""pays"": ""France"", ""continent"": ""Europe"", ""longitude"": ""0.705298"", ""latitude"": ""45.189034""}]",42169,"[{""libelle"": """", ""valeur"": ""https://cauedordogne.com/""}, {""libelle"": """", ""valeur"": ""https://www.fncaue.com/caue-et-urcaue-de-nouvelle-aquitaine/caue-de-la-dordogne/""}]"
"Conseil d'architecture, d'urbanisme et de l'environnement (CAUE) - Gironde",contact@cauegironde.com,"[{""valeur"": ""05 56 97 81 89"", ""description"": """"}]","[{""type_adresse"": ""Adresse"", ""complement1"": """", ""complement2"": """", ""numero_voie"": ""283 rue d'Ornano"", ""service_distribution"": """", ""code_postal"": ""33000"", ""nom_commune"": ""Bordeaux"", ""pays"": ""France"", ""continent"": ""Europe"", ""longitude"": ""-0.597395"", ""latitude"": ""44.8318""}]",33063,"[{""libelle"": """", ""valeur"": ""https://www.cauegironde.com/""}, {""libelle"": """", ""valeur"": ""https://www.fncaue.com/caue-et-urcaue-de-nouvelle-aquitaine/caue-de-la-gironde/""}]"
"Conseil d'architecture, d'urbanisme et de l'environnement (CAUE) - Var",contact@cauevar.fr,"[{""valeur"": ""04 94 22 65 75"", ""description"": ""Lundi au vendredi de 10h à 18h, coût d'un appel local.""}]","[{""type_adresse"": ""Adresse"", ""complement1"": """", ""complement2"": """", ""numero_voie"": ""26 place Vincent-Raspail"", ""service_distribution"": """", ""code_postal"": ""83000"", ""nom_commune"": ""Toulon"", ""pays"": ""France"", ""continent"": ""Europe"", ""longitude"": ""5.93338"", ""latitude"": ""43.12284""}]",83137,"[{""libelle"": """", ""valeur"": ""https://www.cauevar.fr/""}, {""libelle"": """", ""valeur"": ""https://www.fncaue.com/caue-et-urcaue-de-paca/caue-var/""}]"
"Conseil d'architecture, d'urbanisme et de l'environnement (CAUE) - Orne",contact@caue61.fr,"[{""valeur"": ""02 33 26 14 14"", ""description"": """"}]","[{""type_adresse"": ""Adresse"", ""complement1"": """", ""complement2"": """", ""numero_voie"": ""54 rue Saint-Blaise"", ""service_distribution"": """", ""code_postal"": ""61000"", ""nom_commune"": ""Alençon"", ""pays"": ""France"", ""continent"": ""Europe"", ""longitude"": ""0.091816"", ""latitude"": ""48.4327""}]",61001,"[{""libelle"": """", ""valeur"": ""https://www.caue61.fr/""}, {""libelle"": """", ""valeur"": ""https://www.fncaue.com/caue-et-urcaue-de-normandie/caue-de-l-orne/""}]"
"Conseil d'architecture, d'urbanisme et de l'environnement (CAUE) - Seine-Saint-Denis",caue93@caue93.fr,"[{""valeur"": ""01 48 32 25 93"", ""description"": """"}]","[{""type_adresse"": ""Adresse"", ""complement1"": """", ""complement2"": """", ""numero_voie"": ""153 avenue Jean-Lolive"", ""service_distribution"": """", ""code_postal"": ""93500"", ""nom_commune"": ""Pantin"", ""pays"": """", ""continent"": """", ""longitude"": ""2.413863"", ""latitude"": ""48.893672""}]",93055,"[{""libelle"": """", ""valeur"": ""https://www.caue93.fr/""}, {""libelle"": """", ""valeur"": ""https://www.fncaue.com/caue-et-urcaue-d-ile-de-france/caue-de-seine-saint-denis/""}]"
"Conseil d'architecture, d'urbanisme et de l'environnement (CAUE) - Guyane",caue973@orange.fr,"[{""valeur"": ""05 94 31 42 82"", ""description"": """"}]","[{""type_adresse"": ""Adresse"", ""complement1"": """", ""complement2"": """", ""numero_voie"": ""13 avenue Léopold-Héder"", ""service_distribution"": """", ""code_postal"": ""97300"", ""nom_commune"": ""Cayenne"", ""pays"": """", ""continent"": """", ""longitude"": ""-52.332512"", ""latitude"": ""4.94164""}]",97302,"[{""libelle"": """", ""valeur"": ""http://www.caue973.fr/""}, {""libelle"": """", ""valeur"": ""https://www.fncaue.com/caue-et-urcaue-de-guyane/caue-de-guyane/""}]"
"Conseil d'architecture, d'urbanisme et de l'environnement (CAUE) - Loiret",contact@caue45.fr,"[{""valeur"": ""02 38 54 13 98"", ""description"": """"}]","[{""type_adresse"": ""Adresse"", ""complement1"": """", ""complement2"": """", ""numero_voie"": ""36 quai du Châtelet"", ""service_distribution"": """", ""code_postal"": ""45000"", ""nom_commune"": ""Orléans"", ""pays"": ""France"", ""continent"": ""Europe"", ""longitude"": ""1.9098"", ""latitude"": ""47.898""}]",45234,"[{""libelle"": """", ""valeur"": ""https://www.caue45.fr/""}, {""libelle"": """", ""valeur"": ""https://www.fncaue.com/caue-et-urcaue-du-centre-val-de-loire/caue-du-loiret/""}]"
"Conseil d'architecture, d'urbanisme et de l'environnement (CAUE) - Manche",courrier@caue50.fr,"[{""valeur"": ""02 33 77 20 77"", ""description"": """"}]","[{""type_adresse"": ""Adresse"", ""complement1"": """", ""complement2"": """", ""numero_voie"": ""2 place Général-de-Gaulle"", ""service_distribution"": """", ""code_postal"": ""50000"", ""nom_commune"": ""Saint-Lô"", ""pays"": """", ""continent"": """", ""longitude"": ""-1.091949"", ""latitude"": ""49.116""}]",50502,"[{""libelle"": """", ""valeur"": ""https://www.caue50.fr/""}, {""libelle"": """", ""valeur"": ""https://www.fncaue.com/caue-et-urcaue-de-normandie/caue-de-la-manche/""}]"
"Conseil d'architecture, d'urbanisme et de l'environnement (CAUE) - Haute-Garonne",caue@caue31.org,"[{""valeur"": ""05 62 73 73 62"", ""description"": """"}]","[{""type_adresse"": ""Adresse"", ""complement1"": """", ""complement2"": """", ""numero_voie"": ""24 rue Croix Baragnon"", ""service_distribution"": """", ""code_postal"": ""31000"", ""nom_commune"": ""Toulouse"", ""pays"": ""France"", ""continent"": ""Europe"", ""longitude"": ""1.447982"", ""latitude"": ""43.599817""}]",31555,"[{""libelle"": """", ""valeur"": ""https://www.les-caue-occitanie.fr/haute-garonne""}, {""libelle"": """", ""valeur"": ""https://www.fncaue.com/caue-et-urcaue-d-occitanie/caue-de-la-haute-garonne/""}]"
"Conseil d'architecture, d'urbanisme et de l'environnement (CAUE) - Nièvre",caue58@wanadoo.fr,"[{""valeur"": ""03 86 71 66 90"", ""description"": ""Standard téléphonique ouvert du lundi au vendredi de 8 h 30 à 12 h 30""}]","[{""type_adresse"": ""Adresse"", ""complement1"": """", ""complement2"": """", ""numero_voie"": ""3 rue des Trois-Carreaux"", ""service_distribution"": """", ""code_postal"": ""58000"", ""nom_commune"": ""Nevers"", ""pays"": """", ""continent"": """", ""longitude"": ""3.163729"", ""latitude"": ""46.993""}]",58194,"[{""libelle"": """", ""valeur"": ""http://www.caue58.com/""}, {""libelle"": """", ""valeur"": ""https://www.fncaue.com/caue-et-urcaue-de-bourgogne-franche-comte/caue-de-la-nievre/""}]"
"Conseil d'architecture, d'urbanisme et de l'environnement (CAUE) - Vaucluse",secretariat@caue84.fr,"[{""valeur"": ""04 90 13 49 50"", ""description"": """"}]","[{""type_adresse"": ""Adresse"", ""complement1"": """", ""complement2"": """", ""numero_voie"": ""51 rue des Fourbisseurs"", ""service_distribution"": """", ""code_postal"": ""84000"", ""nom_commune"": ""Avignon"", ""pays"": ""France"", ""continent"": ""Europe"", ""longitude"": ""4.890168"", ""latitude"": ""43.909074""}]",84007,"[{""libelle"": """", ""valeur"": ""https://www.caue84.fr/""}, {""libelle"": """", ""valeur"": ""https://www.fncaue.com/caue-et-urcaue-de-paca/caue-de-vaucluse/""}]"