nom,email,telephone,adresse,code_insee,site_web
Chambre de métiers et de l'artisanat (CMA) - Isère - Vienne,contact.isere@cma-auvergnerhonealpes.fr,"[{""valeur"": ""09 86 86 30 06"", ""description"": """"}]","[{""type_adresse"": ""Adresse"", ""complement1"": """", ""complement2"": """", ""numero_voie"": ""27 rue Denfert-Rochereau"", ""service_distribution"": """", ""code_postal"": ""38200"", ""nom_commune"": ""Vienne"", ""pays"": ""France"", ""continent"": ""Europe"", ""longitude"": ""4.866525"", ""latitude"": ""45.514648""}]",38544,"[{""libelle"": """", ""valeur"": ""https://www.cma-auvergnerhonealpes.fr/""}]"
Chambre de métiers et de l'artisanat (CMA) - Gard,chambre-de-metiers@cma-gard.fr,"[{""valeur"": ""04 66 62 80 00"", ""description"": """"}]","[{""type_adresse"": ""Adresse"", ""complement1"": """", ""complement2"": """", ""numero_voie"": ""904 avenue du Maréchal-Juin"", ""service_distribution"": """", ""code_postal"": ""30908"", ""nom_commune"": ""Nîmes"", ""pays"": ""France"", ""continent"": ""Europe"", ""longitude"": ""4.345833"", ""latitude"": ""43.820409""}, {""type_adresse"": ""Adresse postale"", ""complement1"": """", ""complement2"": """", ""numero_voie"": ""904 avenue du Maréchal-Juin"", ""service_distribution"": ""CS 83012"", ""code_postal"": ""30908"", ""nom_commune"": ""Nîmes Cedex 2"", ""pays"": ""France"", ""continent"": ""Europe"", ""longitude"": """", ""latitude"": """"}]",30189,"[{""libelle"": """", ""valeur"": ""http://www.cma-gard.fr""}]"
Chambre de métiers et de l'artisanat (CMA) - Vienne,bonjour@cma-nouvelle-aquitaine.fr,"[{""valeur"": ""05 49 88 13 01"", ""description"": """"}]","[{""type_adresse"": ""Adresse"", ""complement1"": """", ""complement2"": """", ""numero_voie"": ""19 rue Salvador-Allende"", ""service_distribution"": """", ""code_postal"": ""86000"", ""nom_commune"": ""Poitiers"", ""pays"": ""France"", ""continent"": ""Europe"", ""longitude"": ""0.373578995466"", ""latitude"": ""46.581199646""}]",86194,"[{""libelle"": """", ""valeur"": ""https://cma-nouvelleaquitaine.fr/""}]"
Chambre de métiers et de l'artisanat (CMA) - Tarn,contact@cm-tarn.fr,"[{""valeur"": ""05 63 48 43 53"", ""description"": """"}]","[{""type_adresse"": ""Adresse"", ""complement1"": """", ""complement2"": """", ""numero_voie"": ""112 route des Templiers"", ""service_distribution"": """", ""code_postal"": ""81990"", ""nom_commune"": ""Cunac"", ""pays"": ""France"", ""continent"": ""Europe"", ""longitude"": ""2.219504"", ""latitude"": ""43.9228677""}, {""type_adresse"": ""Adresse postale"", ""complement1"": """", ""complement2"": """", ""numero_voie"": ""112 route des Templiers"", ""service_distribution"": ""CS 22340"", ""code_postal"": ""81020"", ""nom_commune"": ""Albi Cedex 9"", ""pays"": ""France"", ""continent"": ""Europe"", ""longitude"": """", ""latitude"": """"}]",81004,"[{""libelle"": """", ""valeur"": ""https://www.cm-tarn.fr/""}]"
Chambre de métiers et de l'artisanat (CMA) - Guadeloupe,sgstc@cmguadeloupe.org,"[{""valeur"": ""05 90 80 23 33"", ""description"": """"}]","[{""type_adresse"": ""Adresse"", ""complement1"": """", ""complement2"": ""Cité de la Connaissance - Desmarais"", ""numero_voie"": """", ""service_distribution"": """", ""code_postal"": ""97120"", ""nom_commune"": ""Saint-Claude"", ""pays"": ""France"", ""continent"": ""Europe"", ""longitude"": ""-61.526973"", ""latitude"": ""16.255251""}]",97124,"[{""libelle"": """", ""valeur"": ""https://cmarguadeloupe.org/""}]"
Chambre de métiers et de l'artisanat (CMA) - Gers,contact@cma-gers.fr,"[{""valeur"": ""05 62 61 22 22"", ""description"": """"}]","[{""type_adresse"": ""Adresse"", ""complement1"": """", ""complement2"": """", ""numero_voie"": ""1 avenue de la République"", ""service_distribution"": """", ""code_postal"": ""32550"", ""nom_commune"": ""Pavie"", ""pays"": ""France"", ""continent"": ""Europe"", ""longitude"": ""0.594048"", ""latitude"": ""43.605295""}]",32307,"[{""libelle"": """", ""valeur"": ""http://www.cma-gers.fr""}]"
Chambre de métiers et de l'artisanat (CMA) - Puy-de-Dôme,contact.puydedome@cma-auvergnerhomealpes.fr,"[{""valeur"": ""04 73 31 52 00"", ""description"": """"}]","[{""type_adresse"": ""Adresse"", ""complement1"": ""17 boulevard Berthelot"", ""complement2"": """", ""numero_voie"": ""Immeuble Jean-Paquet"", ""service_distribution"": """", ""code_postal"": ""63400"", ""nom_commune"": ""Chamalières"", ""pays"": ""France"", ""continent"": ""Europe"", ""longitude"": ""3.071566"", ""latitude"": ""45.779363""}, {""type_adresse"": ""Adresse postale"", ""complement1"": ""17 boulevard Berthelot"", ""complement2"": """", ""numero_voie"": ""Immeuble Jean-Paquet"", ""service_distribution"": """", ""code_postal"": ""63407"", ""nom_commune"": ""Chamalières Cedex"", ""pays"": ""France"", ""continent"": ""Europe"", ""longitude"": """", ""latitude"": """"}]",63075,"[{""libelle"": """", ""valeur"": ""https://www.cma-auvergnerhonealpes.fr/cma/cma-puy-de-dome/""}]"
Chambre de métiers et de l'artisanat (CMA) - Vendée,accueil85@artisanatpaysdelaloire.fr,"[{""valeur"": ""02 51 44 35 00"", ""description"": """"}]","[{""type_adresse"": ""Adresse"", ""complement1"": """", ""complement2"": """", ""numero_voie"": ""35 Rue Sarah Bernhardt"", ""service_distribution"": """", ""code_postal"": ""85000"", ""nom_commune"": ""La Roche-sur-Yon"", ""pays"": ""France"", ""continent"": ""Europe"", ""longitude"": ""-1.4453569"", ""latitude"": ""46.6646681""}, {""type_adresse"": ""Adresse postale"", ""complement1"": """", ""complement2"": """", ""numero_voie"": ""35 Rue Sarah Bernhardt"", ""service_distribution"": ""CS 90075"", ""code_postal"": ""85002"", ""nom_commune"": ""La Roche-sur-Yon Cedex"", ""pays"": ""France"", ""continent"": ""Europe"", ""longitude"": """", ""latitude"": """"}]",85191,"[{""libelle"": """", ""valeur"": ""http://www.artisanatpaysdelaloire.fr""}]"
Chambre de métiers et de l'artisanat (CMA) - Hautes-Alpes,contact@cmar-paca.fr,"[{""valeur"": ""04 84 31 00 00"", ""description"": """"}]","[{""type_adresse"": ""Adresse"", ""complement1"": """", ""complement2"": """", ""numero_voie"": ""37 square Voltaire"", ""service_distribution"": """", ""code_postal"": ""05000"", ""nom_commune"": ""Gap"", ""pays"": ""France"", ""continent"": ""Europe"", ""longitude"": ""6.07670021057"", ""latitude"": ""44.5569000244""}, {""type_adresse"": ""Adresse postale"", ""complement1"": """", ""complement2"": """", ""numero_voie"": ""37 square Voltaire"", ""service_distribution"": ""CS 70168"", ""code_postal"": ""05005"", ""nom_commune"": ""Gap Cedex"", ""pays"": ""France"", ""continent"": ""Europe"", ""longitude"": """", ""latitude"": """"}]",05061,"[{""libelle"": """", ""valeur"": ""https://www.cmar-paca.fr""}]"
Chambre de métiers et de l'artisanat (CMA) - Bouches-du-Rhône,contact13@cmar-paca.fr,"[{""valeur"": ""04 91 32 24 24"", ""description"": """"}]","[{""type_adresse"": ""Adresse"", ""complement1"": """", ""complement2"": """", ""numero_voie"": ""117 avenue du Prado"", ""service_distribution"": """", ""code_postal"": ""13008"", ""nom_commune"": ""Marseille"", ""pays"": ""France"", ""continent"": ""Europe"", ""longitude"": ""5.387524"", ""latitude"": ""43.280182""}]",13208,"[{""libelle"": """", ""valeur"": ""https://www.cmar-paca.fr/""}]"
Chambre de métiers et de l'artisanat (CMA) - Loire,contact.loire@cma-auvergnerhonealpes.fr,"[{""valeur"": ""04 77 92 38 00"", ""description"": """"}]","[{""type_adresse"": ""Adresse"", ""complement1"": """", ""complement2"": """", ""numero_voie"": ""Rue de l'Artisanat-et-du-Concept"", ""service_distribution"": """", ""code_postal"": ""42000"", ""nom_commune"": ""Saint-Étienne"", ""pays"": ""France"", ""continent"": ""Europe"", ""longitude"": ""4.390923625005774"", ""latitude"": ""45.45817775799953""}, {""type_adresse"": ""Adresse postale"", ""complement1"": """", ""complement2"": """", ""numero_voie"": ""Rue de l'Artisanat-et-du-Concept"", ""service_distribution"": ""BP 724"", ""code_postal"": ""42951"", ""nom_commune"": ""Saint-Étienne Cedex 9"", ""pays"": ""France"", ""continent"": ""Europe"", ""longitude"": """", ""latitude"": """"}]",42218,"[{""libelle"": """", ""valeur"": ""http://www.cma-loire.fr""}]"
Chambre de métiers et de l'artisanat (CMA) - Finistère,secretariat.general@cma-bretagne.fr,"[{""valeur"": ""02 98 76 46 46"", ""description"": """"}]","[{""type_adresse"": ""Adresse"", ""complement1"": """", ""complement2"": """", ""numero_voie"": ""24 route de Cuzon"", ""service_distribution"": """", ""code_postal"": ""29196"", ""nom_commune"": ""Quimper"", ""pays"": ""France"", ""continent"": ""Europe"", ""longitude"": ""-4.075515"", ""latitude"": ""48.005508""}, {""type_adresse"": ""Adresse postale"", ""complement1"": """", ""complement2"": """", ""numero_voie"": ""24 route de Cuzon"", ""service_distribution"": ""CS 21037"", ""code_postal"": ""29196"", ""nom_commune"": ""Quimper Cedex"", ""pays"": ""France"", ""continent"": ""Europe"", ""longitude"": """", ""latitude"": """"}]",29232,"[{""libelle"": """", ""valeur"": ""https://www.cma-formation-bretagne.fr/""}]"
Chambre de métiers et de l'artisanat (CMA) - Val-de-Marne,contact.94@cma-idf.fr,"[{""valeur"": ""01 49 76 50 00"", ""description"": """"}]","[{""type_adresse"": ""Adresse"", ""complement1"": """", ""complement2"": """", ""numero_voie"": ""27 avenue Raspail"", ""service_distribution"": """", ""code_postal"": ""94100"", ""nom_commune"": ""Saint-Maur-des-Fossés"", ""pays"": ""France"", ""continent"": ""Europe"", ""longitude"": ""2.487838"", ""latitude"": ""48.7861319""}]",94068,"[{""libelle"": """", ""valeur"": ""https://www.cma94.com/""}]"
Chambre de métiers et de l'artisanat (CMA) - Côtes-d'Armor,cm.22@cma22.fr,"[{""valeur"": ""02 96 76 26 26"", ""description"": """"}]","[{""type_adresse"": ""Adresse"", ""complement1"": ""Campus-de-l'artisanat-et-des-métiers"", ""complement2"": """", ""numero_voie"": """", ""service_distribution"": """", ""code_postal"": ""22440"", ""nom_commune"": ""Ploufragan"", ""pays"": ""France"", ""continent"": ""Europe"", ""longitude"": ""-2.7940533"", ""latitude"": ""48.488935""}, {""type_adresse"": ""Adresse postale"", ""complement1"": ""Campus-de-l'artisanat-et-des-métiers"", ""complement2"": """", ""numero_voie"": """", ""service_distribution"": ""CS 90051"", ""code_postal"": ""22440"", ""nom_commune"": ""Ploufragan"", ""pays"": ""France"", ""continent"": ""Europe"", ""longitude"": """", ""latitude"": """"}]",22215,"[{""libelle"": """", ""valeur"": ""http://www.cma22.bzh""}]"
Chambre de métiers et de l'artisanat (CMA) - Charente,bonjour@cma-nouvelle-aquitaine.fr,"[{""valeur"": ""05 45 90 47 00"", ""description"": """"}]","[{""type_adresse"": ""Adresse"", ""complement1"": """", ""complement2"": """", ""numero_voie"": ""68 avenue Gambetta"", ""service_distribution"": """", ""code_postal"": ""16021"", ""nom_commune"": ""Angoulême"", ""pays"": ""France"", ""continent"": ""Europe"", ""longitude"": ""0.161248996854"", ""latitude"": ""45.6503982544""}, {""type_adresse"": ""Adresse postale"", ""complement1"": """", ""complement2"": """", ""numero_voie"": ""68 avenue Gambetta"", ""service_distribution"": """", ""code_postal"": ""16021"", ""nom_commune"": ""Angoulême Cedex"", ""pays"": ""France"", ""continent"": ""Europe"", ""longitude"": """", ""latitude"": """"}]",16015,"[{""libelle"": """", ""valeur"": ""https://cma-nouvelleaquitaine.fr/""}]"
Chambre de métiers et de l'artisanat (CMA) - Aisne,contact@cma-hautsdefrance.fr,"[{""valeur"": ""09 72 72 72 07"", ""description"": """"}]","[{""type_adresse"": ""Adresse"", ""complement1"": """", ""complement2"": """", ""numero_voie"": ""30 rue d'Enfer"", ""service_distribution"": """", ""code_postal"": ""02000"", ""nom_commune"": ""Laon"", ""pays"": ""France"", ""continent"": ""Europe"", ""longitude"": ""3.556813922701365"", ""latitude"": ""49.494028376430244""}]",02408,"[{""libelle"": """", ""valeur"": ""http://www.cma-hautsdefrance.fr""}]"
Chambre de métiers et de l'artisanat (CMA) - Haut-Rhin - Mulhouse,cma.mulhouse@cm-alsace.fr,"[{""valeur"": ""03 89 46 89 00"", ""description"": """"}]","[{""type_adresse"": ""Adresse"", ""complement1"": """", ""complement2"": """", ""numero_voie"": ""12 boulevard de l'Europe"", ""service_distribution"": """", ""code_postal"": ""68061"", ""nom_commune"": ""Mulhouse"", ""pays"": ""France"", ""continent"": ""Europe"", ""longitude"": ""7.341314"", ""latitude"": ""47.7495268""}, {""type_adresse"": ""Adresse postale"", ""complement1"": """", ""complement2"": """", ""numero_voie"": ""12 boulevard de l'Europe"", ""service_distribution"": ""BP 3007"", ""code_postal"": ""68061"", ""nom_commune"": ""Mulhouse Cedex"", ""pays"": ""France"", ""continent"": ""Europe"", ""longitude"": """", ""latitude"": """"}]",68224,"[{""libelle"": """", ""valeur"": ""http://www.cm-alsace.fr""}]"
Chambre de métiers et de l'artisanat (CMA) - Eure,contact27@cma-normandie.fr,"[{""valeur"": ""02 32 39 41 81"", ""description"": """"}]","[{""type_adresse"": ""Adresse"", ""complement1"": """", ""complement2"": """", ""numero_voie"": ""8 boulevard du président-Allende"", ""service_distribution"": """", ""code_postal"": ""27092"", ""nom_commune"": ""Évreux"", ""pays"": ""France"", ""continent"": ""Europe"", ""longitude"": ""1.14556002617"", ""latitude"": ""49.0055999756""}]",27229,"[{""libelle"": """", ""valeur"": ""https://cma-normandie.fr/""}]"
Chambre de métiers et de l'artisanat (CMA) - Rhône,contact.lyonrhone@cma-auvergnerhonealpes.fr,"[{""valeur"": ""04 72 43 43 00"", ""description"": """"}]","[{""type_adresse"": ""Adresse"", ""complement1"": """", ""complement2"": """", ""numero_voie"": ""10 rue Paul-Montrochet"", ""service_distribution"": """", ""code_postal"": ""69002"", ""nom_commune"": ""Lyon"", ""pays"": ""France"", ""continent"": ""Europe"", ""longitude"": ""4.817743"", ""latitude"": ""45.740182""}]",69386,"[{""libelle"": """", ""valeur"": ""http://www.cma-lyonrhone.fr""}]"
Chambre de métiers et de l'artisanat (CMA) - Saône-et-Loire,accueil@artisanat-bfc.fr,"[{""valeur"": ""09 86 86 30 06"", ""description"": """"}]","[{""type_adresse"": ""Adresse"", ""complement1"": """", ""complement2"": ""Centre d'affaires du Pont Jean-Richard"", ""numero_voie"": ""1 avenue de Verdun"", ""service_distribution"": """", ""code_postal"": ""71100"", ""nom_commune"": ""Chalon-sur-Saône"", ""pays"": ""France"", ""continent"": ""Europe"", ""longitude"": ""4.853614"", ""latitude"": ""46.777071""}]",71076,"[{""libelle"": """", ""valeur"": ""https://www.artisanat-bfc.fr/""}]"
Chambre de métiers et de l'artisanat (CMA) - Haute-Loire,contact.hauteloire@cma-auvergnerhonealpes.fr,"[{""valeur"": ""04 71 02 34 56"", ""description"": """"}]","[{""type_adresse"": ""Adresse"", ""complement1"": ""16 boulevard Bertrand"", ""complement2"": ""4ème étage"", ""numero_voie"": ""Immeuble Interconsulaire"", ""service_distribution"": """", ""code_postal"": ""43000"", ""nom_commune"": ""Le Puy-en-Velay"", ""pays"": ""France"", ""continent"": ""Europe"", ""longitude"": ""3.893153"", ""latitude"": ""45.042329""}]",43157,"[{""libelle"": """", ""valeur"": ""http://www.cma-hauteloire.fr""}]"
Chambre de métiers et de l'artisanat (CMA) - Pyrénées-Atlantiques,bonjour@cma-nouvelle-aquitaine.fr,"[{""valeur"": ""09 86 86 30 06"", ""description"": """"}]","[{""type_adresse"": ""Adresse"", ""complement1"": """", ""complement2"": """", ""numero_voie"": ""2 avenue des Tilleuls"", ""service_distribution"": """", ""code_postal"": ""64000"", ""nom_commune"": ""Pau"", ""pays"": ""France"", ""continent"": ""Europe"", ""longitude"": ""0.350954"", ""latitude"": ""43.304947""}, {""type_adresse"": ""Adresse postale"", ""complement1"": """", ""complement2"": """", ""numero_voie"": ""25 boulevard d'Aritxague"", ""service_distribution"": """", ""code_postal"": ""64100"", ""nom_commune"": ""Bayonne"", ""pays"": ""France"", ""continent"": ""Europe"", ""longitude"": """", ""latitude"": """"}]",64445,"[{""libelle"": """", ""valeur"": ""https://cma-nouvelleaquitaine.fr/""}]"
Chambre de métiers et de l'artisanat (CMA) - Hauts-de-Seine,contact2@cma-idf.fr,"[{""valeur"": ""01 47 29 43 43"", ""description"": """"}]","[{""type_adresse"": ""Adresse"", ""complement1"": """", ""complement2"": """", ""numero_voie"": ""17 bis rue des Venêts"", ""service_distribution"": """", ""code_postal"": ""92014"", ""nom_commune"": ""Nanterre"", ""pays"": ""France"", ""continent"": ""Europe"", ""longitude"": ""2.20314"", ""latitude"": ""48.890278""}, {""type_adresse"": ""Adresse postale"", ""complement1"": """", ""complement2"": """", ""numero_voie"": ""17 bis rue des Venêts"", ""service_distribution"": ""BP 1410"", ""code_postal"": ""92014"", ""nom_commune"": ""Nanterre"", ""pays"": ""France"", ""continent"": ""Europe"", ""longitude"": """", ""latitude"": """"}]",92050,"[{""libelle"": """", ""valeur"": ""http://www.cma92.fr""}]"
Chambre de métiers et de l'artisanat (CMA) - Paris,contact@cma-paris.fr,"[{""valeur"": ""01 53 33 53 33"", ""description"": """"}]","[{""type_adresse"": ""Adresse"", ""complement1"": """", ""complement2"": """", ""numero_voie"": ""72 rue de Reuilly"", ""service_distribution"": """", ""code_postal"": ""75012"", ""nom_commune"": ""Paris"", ""pays"": ""France"", ""continent"": ""Europe"", ""longitude"": ""2.390471"", ""latitude"": ""48.843848""}, {""type_adresse"": ""Adresse postale"", ""complement1"": """", ""complement2"": """", ""numero_voie"": ""72 rue de Reuilly"", ""service_distribution"": """", ""code_postal"": ""75592"", ""nom_commune"": ""Paris Cedex 12"", ""pays"": ""France"", ""continent"": ""Europe"", ""longitude"": """", ""latitude"": """"}]",75112,"[{""libelle"": """", ""valeur"": ""http://www.cma-paris.fr""}]"
Chambre de métiers et de l'artisanat (CMA) - Haut-Rhin - Colmar,cma.colmar@cm-alsace.fr,"[{""valeur"": ""03 89 20 84 50"", ""description"": """"}]","[{""type_adresse"": ""Adresse"", ""complement1"": """", ""complement2"": """", ""numero_voie"": ""13 avenue de la République"", ""service_distribution"": """", ""code_postal"": ""68000"", ""nom_commune"": ""Colmar"", ""pays"": ""France"", ""continent"": ""Europe"", ""longitude"": ""7.3493017"", ""latitude"": ""48.0734255""}, {""type_adresse"": ""Adresse postale"", ""complement1"": """", ""complement2"": """", ""numero_voie"": ""13 avenue de la République"", ""service_distribution"": ""CS 20044"", ""code_postal"": ""68025"", ""nom_commune"": ""Colmar Cedex"", ""pays"": ""France"", ""continent"": ""Europe"", ""longitude"": """", ""latitude"": """"}]",68066,"[{""libelle"": """", ""valeur"": ""http://www.cm-alsace.fr""}]"
Chambre de métiers et de l'artisanat (CMA) - Gironde,bonjour@cma-nouvelle-aquitaine.fr,"[{""valeur"": ""05 56 99 91 00"", ""description"": """"}]","[{""type_adresse"": ""Adresse"", ""complement1"": """", ""complement2"": """", ""numero_voie"": ""46 rue du Général-de-Larminat"", ""service_distribution"": """", ""code_postal"": ""33000"", ""nom_commune"": ""Bordeaux"", ""pays"": ""France"", ""continent"": ""Europe"", ""longitude"": ""-0.597771"", ""latitude"": ""44.833065""}, {""type_adresse"": ""Adresse postale"", ""complement1"": """", ""complement2"": """", ""numero_voie"": ""46 rue du Général-de-Larminat"", ""service_distribution"": ""CS 81423"", ""code_postal"": ""33074"", ""nom_commune"": ""Bordeaux Cedex"", ""pays"": ""France"", ""continent"": ""Europe"", ""longitude"": """", ""latitude"": """"}]",33063,"[{""libelle"": """", ""valeur"": ""https://cma-nouvelleaquitaine.fr/""}]"
Chambre de métiers et de l'artisanat (CMA) - Aube,contact10@cma-grandest.fr,"[{""valeur"": ""03 25 82 62 00"", ""description"": """"}]","[{""type_adresse"": ""Adresse"", ""complement1"": """", ""complement2"": """", ""numero_voie"": ""6 rue Jeanne-d'Arc"", ""service_distribution"": """", ""code_postal"": ""10000"", ""nom_commune"": ""Troyes"", ""pays"": ""France"", ""continent"": ""Europe"", ""longitude"": ""4.06836986542"", ""latitude"": ""48.2927017212""}]",10387,"[{""libelle"": """", ""valeur"": ""https://cma-aube.fr/""}]"
Chambre de métiers et de l'artisanat (CMA) - Hérault,chambredemetiers@cma-herault.fr,"[{""valeur"": ""04 67 72 72 00"", ""description"": """"}]","[{""type_adresse"": ""Adresse"", ""complement1"": """", ""complement2"": """", ""numero_voie"": ""154 rue Bernard-Giraudeau"", ""service_distribution"": """", ""code_postal"": ""34080"", ""nom_commune"": ""Montpellier"", ""pays"": ""France"", ""continent"": ""Europe"", ""longitude"": ""3.8210665"", ""latitude"": ""43.6096947""}, {""type_adresse"": ""Adresse postale"", ""complement1"": """", ""complement2"": """", ""numero_voie"": ""154 rue Bernard-Giraudeau"", ""service_distribution"": ""CS 59999"", ""code_postal"": ""34080"", ""nom_commune"": ""Montpellier Cedex 4"", ""pays"": ""France"", ""continent"": ""Europe"", ""longitude"": """", ""latitude"": """"}]",34172,"[{""libelle"": """", ""valeur"": ""https://cma-herault.fr/""}]"
Chambre de métiers et de l'artisanat (CMA) - Manche,contact50@cma-normandie.fr,"[{""valeur"": ""02 33 76 62 62"", ""description"": """"}]","[{""type_adresse"": ""Adresse"", ""complement1"": """", ""complement2"": """", ""numero_voie"": ""10 avenue du Général-Patton"", ""service_distribution"": """", ""code_postal"": ""50201"", ""nom_commune"": ""Coutances"", ""pays"": ""France"", ""continent"": ""Europe"", ""longitude"": ""-1.427895"", ""latitude"": ""49.071802""}]",50147,"[{""libelle"": """", ""valeur"": ""https://cma-normandie.fr/""}]"
Chambre de métiers et de l'artisanat (CMA) - Somme,contact@cma-hautsdefrance.fr,"[{""valeur"": ""09 72 72 72 07"", ""description"": """"}]","[{""type_adresse"": ""Adresse"", ""complement1"": """", ""complement2"": """", ""numero_voie"": ""7 rue de l'Île-Mystérieuse"", ""service_distribution"": """", ""code_postal"": ""80440"", ""nom_commune"": ""Boves"", ""pays"": ""France"", ""continent"": ""Europe"", ""longitude"": ""2.365103"", ""latitude"": ""49.866914""}, {""type_adresse"": ""Adresse postale"", ""complement1"": ""7 rue de l'Île-Mystérieuse"", ""complement2"": """", ""numero_voie"": ""Cité des Métiers"", ""service_distribution"": ""CS 51006"", ""code_postal"": ""80440"", ""nom_commune"": ""Boves"", ""pays"": ""France"", ""continent"": ""Europe"", ""longitude"": """", ""latitude"": """"}]",80131,"[{""libelle"": """", ""valeur"": ""https://www.cma-hautsdefrance.fr""}]"
Chambre de métiers et de l'artisanat (CMA) - Nord,contact@cma-hautsdefrance.fr,"[{""valeur"": ""09 72 72 72 07"", ""description"": """"}]","[{""type_adresse"": ""Adresse"", ""complement1"": """", ""complement2"": """", ""numero_voie"": ""Place des Artisans"", ""service_distribution"": """", ""code_postal"": ""59000"", ""nom_commune"": ""Lille"", ""pays"": ""France"", ""continent"": ""Europe"", ""longitude"": ""3.0630462"", ""latitude"": ""50.6142997""}, {""type_adresse"": ""Adresse postale"", ""complement1"": """", ""complement2"": """", ""numero_voie"": ""Place des Artisans"", ""service_distribution"": ""CS 12010"", ""code_postal"": ""59011"", ""nom_commune"": ""Lille Cedex"", ""pays"": ""France"", ""continent"": ""Europe"", ""longitude"": """", ""latitude"": """"}]",59350,"[{""libelle"": """", ""valeur"": ""http://www.cma-hautsdefrance.fr""}]"
Chambre de métiers et de l'artisanat (CMA) - Vaucluse,contact@cmar-paca.fr,"[{""valeur"": ""04 84 31 00 00"", ""description"": """"}]","[{""type_adresse"": ""Adresse"", ""complement1"": """", ""complement2"": """", ""numero_voie"": ""35 rue Joseph-Vernet"", ""service_distribution"": """", ""code_postal"": ""84009"", ""nom_commune"": ""Avignon"", ""pays"": ""France"", ""continent"": ""Europe"", ""longitude"": ""4.803406"", ""latitude"": ""43.94832""}]",84007,"[{""libelle"": """", ""valeur"": ""http://www.cmar-paca.fr""}]"
Chambre de métiers et de l'artisanat (CMA) - Essonne,cma.general@artisanat91.fr,"[{""valeur"": ""01 69 47 54 20"", ""description"": """"}]","[{""type_adresse"": ""Adresse"", ""complement1"": """", ""complement2"": """", ""numero_voie"": ""29 allée Jean-Rostand"", ""service_distribution"": """", ""code_postal"": ""91000"", ""nom_commune"": ""Évry-Courcouronnes"", ""pays"": ""France"", ""continent"": ""Europe"", ""longitude"": ""2.430871"", ""latitude"": ""48.625316""}, {""type_adresse"": ""Adresse postale"", ""complement1"": """", ""complement2"": """", ""numero_voie"": ""29 allée Jean-Rostand"", ""service_distribution"": ""CS 20543"", ""code_postal"": ""91025"", ""nom_commune"": ""Évry Cedex"", ""pays"": ""France"", ""continent"": ""Europe"", ""longitude"": """", ""latitude"": """"}]",91228,"[{""libelle"": """", ""valeur"": ""https://www.cma-essonne.fr""}]"
Chambre de métiers et de l'artisanat (CMA) - Haute-Marne,accueil@cma-haute-marne.fr,"[{""valeur"": ""03 25 32 19 77"", ""description"": """"}]","[{""type_adresse"": ""Adresse"", ""complement1"": """", ""complement2"": """", ""numero_voie"": ""9 rue Decrès"", ""service_distribution"": """", ""code_postal"": ""52000"", ""nom_commune"": ""Chaumont"", ""pays"": ""France"", ""continent"": ""Europe"", ""longitude"": ""5.138565"", ""latitude"": ""48.112886""}]",52121,"[{""libelle"": """", ""valeur"": ""http://www.cma-haute-marne.fr""}]"
Chambre de métiers et de l'artisanat (CMA) - Meuse,contact@cma-meuse.fr,"[{""valeur"": ""03 29 79 20 11"", ""description"": """"}]","[{""type_adresse"": ""Adresse"", ""complement1"": """", ""complement2"": """", ""numero_voie"": ""Route du Pont-de-Dammarie"", ""service_distribution"": """", ""code_postal"": ""55005"", ""nom_commune"": ""Savonnières-devant-Bar"", ""pays"": ""France"", ""continent"": ""Europe"", ""longitude"": ""5.18302549999999"", ""latitude"": ""48.758265""}, {""type_adresse"": ""Adresse postale"", ""complement1"": """", ""complement2"": """", ""numero_voie"": ""Route du Pont-de-Dammarie"", ""service_distribution"": ""BP 90237"", ""code_postal"": ""55005"", ""nom_commune"": ""Savonnières-devant-Bar Cedex"", ""pays"": ""France"", ""continent"": ""Europe"", ""longitude"": """", ""latitude"": """"}]",55029,"[{""libelle"": """", ""valeur"": ""http://www.cma-meuse.fr""}]"
Chambre de métiers et de l'artisanat (CMA) - Cher,cm18@cm-bourges.fr,"[{""valeur"": ""02 48 69 70 71"", ""description"": """"}]","[{""type_adresse"": ""Adresse"", ""complement1"": """", ""complement2"": """", ""numero_voie"": ""15 rue Henri-Dunant"", ""service_distribution"": """", ""code_postal"": ""180000"", ""nom_commune"": ""Bourges"", ""pays"": ""France"", ""continent"": ""Europe"", ""longitude"": ""2.404859"", ""latitude"": ""47.073126""}, {""type_adresse"": ""Adresse postale"", ""complement1"": """", ""complement2"": """", ""numero_voie"": ""15 rue Henri-Dunant"", ""service_distribution"": ""CS80345"", ""code_postal"": ""18000"", ""nom_commune"": ""Bourges"", ""pays"": ""France"", ""continent"": ""Europe"", ""longitude"": """", ""latitude"": """"}]",18033,"[{""libelle"": """", ""valeur"": ""https://www.crma-centre.fr/""}]"
Chambre de métiers et de l'artisanat (CMA) - Lot,cm46@cm-cahors.fr,"[{""valeur"": ""05 65 35 13 55"", ""description"": """"}]","[{""type_adresse"": ""Adresse"", ""complement1"": """", ""complement2"": """", ""numero_voie"": ""Rue Saint-Ambroise"", ""service_distribution"": """", ""code_postal"": ""46000"", ""nom_commune"": ""Cahors"", ""pays"": ""France"", ""continent"": ""Europe"", ""longitude"": ""1.450176"", ""latitude"": ""44.465308""}, {""type_adresse"": ""Adresse postale"", ""complement1"": """", ""complement2"": """", ""numero_voie"": ""Rue Saint-Ambroise"", ""service_distribution"": ""BP 99"", ""code_postal"": ""46002"", ""nom_commune"": ""Cahors Cedex 9"", ""pays"": ""France"", ""continent"": ""Europe"", ""longitude"": """", ""latitude"": """"}]",46042,"[{""libelle"": """", ""valeur"": ""http://www.cma-cahors.fr""}]"
Chambre de métiers et de l'artisanat (CMA) - Martinique,cmm972@cma-martinique.com,"[{""valeur"": ""05 96 71 32 22"", ""description"": """"}]","[{""type_adresse"": ""Adresse"", ""complement1"": ""Morne Tartenson"", ""complement2"": """", ""numero_voie"": ""2 rue du Temple"", ""service_distribution"": """", ""code_postal"": ""97200"", ""nom_commune"": ""Fort-de-France"", ""pays"": ""France"", ""continent"": ""Europe"", ""longitude"": ""-61.0796139"", ""latitude"": ""14.6060115""}, {""type_adresse"": ""Adresse postale"", ""complement1"": ""Morne Tartenson"", ""complement2"": """", ""numero_voie"": ""2 rue du Temple"", ""service_distribution"": ""BP 1194"", ""code_postal"": ""97249"", ""nom_commune"": ""Fort-de-France Cedex"", ""pays"": ""France"", ""continent"": ""Europe"", ""longitude"": """", ""latitude"": """"}]",97209,"[{""libelle"": """", ""valeur"": ""http://www.cma-martinique.com""}]"
Chambre de métiers et de l'artisanat (CMA) - Ardennes,contact08@cma-grandest.fr,"[{""valeur"": ""03 24 56 81 81"", ""description"": """"}]","[{""type_adresse"": ""Adresse"", ""complement1"": """", ""complement2"": """", ""numero_voie"": ""8 rue de Clèves"", ""service_distribution"": """", ""code_postal"": ""08000"", ""nom_commune"": ""Charleville-Mézières"", ""pays"": ""France"", ""continent"": ""Europe"", ""longitude"": ""4.724364"", ""latitude"": ""49.771752""}, {""type_adresse"": ""Adresse postale"", ""complement1"": """", ""complement2"": """", ""numero_voie"": ""8 rue de clèves"", ""service_distribution"": ""CS 80734"", ""code_postal"": ""08000"", ""nom_commune"": ""Charleville-Mézières Cedex"", ""pays"": ""France"", ""continent"": ""Europe"", ""longitude"": """", ""latitude"": """"}]",08105,"[{""libelle"": """", ""valeur"": ""https://cma-grandest.fr/""}]"
Chambre de métiers et de l'artisanat (CMA) - Alpes-Maritimes,contact@cmar-paca.fr,"[{""valeur"": ""04 84 31 00 00"", ""description"": """"}]","[{""type_adresse"": ""Adresse"", ""complement1"": """", ""complement2"": """", ""numero_voie"": ""81 avenue Léon-Béranger"", ""service_distribution"": """", ""code_postal"": ""06700"", ""nom_commune"": ""Saint-Laurent-du-Var"", ""pays"": ""France"", ""continent"": ""Europe"", ""longitude"": ""7.1941667"", ""latitude"": ""43.659429""}]",06123,"[{""libelle"": """", ""valeur"": ""http://cmar-paca.fr""}]"
Chambre de métiers et de l'artisanat (CMA) - Tarn-et-Garonne,contact@cm-montauban.fr,"[{""valeur"": ""05 63 63 09 58"", ""description"": """"}]","[{""type_adresse"": ""Adresse"", ""complement1"": """", ""complement2"": """", ""numero_voie"": ""11 rue du Lycée"", ""service_distribution"": """", ""code_postal"": ""82000"", ""nom_commune"": ""Montauban"", ""pays"": ""France"", ""continent"": ""Europe"", ""longitude"": ""1.359158"", ""latitude"": ""44.013505""}]",82121,"[{""libelle"": """", ""valeur"": ""https://www.cma82.fr/""}]"
Chambre de métiers et de l'artisanat (CMA) - Cantal,contact.cantal@cma-auvergnerhonealpes.fr,"[{""valeur"": ""04 71 45 65 00"", ""description"": """"}]","[{""type_adresse"": ""Adresse"", ""complement1"": """", ""complement2"": """", ""numero_voie"": ""14 avenue du Garric"", ""service_distribution"": """", ""code_postal"": ""15000"", ""nom_commune"": ""Aurillac"", ""pays"": ""France"", ""continent"": ""Europe"", ""longitude"": ""2.429638"", ""latitude"": ""44.89949499999999""}, {""type_adresse"": ""Adresse postale"", ""complement1"": """", ""complement2"": """", ""numero_voie"": ""14 avenue du Garric"", ""service_distribution"": ""CS 9511"", ""code_postal"": ""15005"", ""nom_commune"": ""Aurillac Cedex"", ""pays"": ""France"", ""continent"": ""Europe"", ""longitude"": """", ""latitude"": """"}]",15014,"[{""libelle"": """", ""valeur"": ""http://www.cma-cantal.fr""}]"
Chambre de métiers et de l'artisanat (CMA) - Indre,bonjour@cma-cvl.fr,"[{""valeur"": ""02 54 08 80 00"", ""description"": """"}]","[{""type_adresse"": ""Adresse"", ""complement1"": """", ""complement2"": """", ""numero_voie"": ""31 rue Robert-Mallet-Stevens"", ""service_distribution"": """", ""code_postal"": ""36000"", ""nom_commune"": ""Châteauroux"", ""pays"": ""France"", ""continent"": ""Europe"", ""longitude"": ""1.69429004192"", ""latitude"": ""46.8081016541""}, {""type_adresse"": ""Adresse postale"", ""complement1"": """", ""complement2"": """", ""numero_voie"": ""31 rue Robert-Mallet-Stevens"", ""service_distribution"": ""BP 296"", ""code_postal"": ""36006"", ""nom_commune"": ""Châteauroux Cedex"", ""pays"": ""France"", ""continent"": ""Europe"", ""longitude"": """", ""latitude"": """"}]",36044,"[{""libelle"": """", ""valeur"": ""https://www.crma-centre.fr/""}]"
Chambre de métiers et de l'artisanat (CMA) - Oise,contact@cma-hautsdefrance.fr,"[{""valeur"": ""09 86 86 30 06"", ""description"": """"}]","[{""type_adresse"": ""Adresse"", ""complement1"": """", ""complement2"": """", ""numero_voie"": ""3 rue Léonard-de-Vinci"", ""service_distribution"": """", ""code_postal"": ""60000"", ""nom_commune"": ""Beauvais"", ""pays"": ""France"", ""continent"": ""Europe"", ""longitude"": ""2.099283"", ""latitude"": ""49.445461""}]",60057,"[{""libelle"": """", ""valeur"": ""http://www.cma-hautsdefrance.fr""}]"
Chambre de métiers et de l'artisanat (CMA) - Creuse,bonjour@cma-nouvelle-aquitaine.fr,"[{""valeur"": ""05 55 51 95 30"", ""description"": """"}]","[{""type_adresse"": ""Adresse"", ""complement1"": """", ""complement2"": """", ""numero_voie"": ""8 avenue d'Auvergne"", ""service_distribution"": """", ""code_postal"": ""23000"", ""nom_commune"": ""Guéret"", ""pays"": ""France"", ""continent"": ""Europe"", ""longitude"": ""1.882484"", ""latitude"": ""46.169741""}]",23096,"[{""libelle"": """", ""valeur"": ""https://cma-nouvelleaquitaine.fr/""}]"
Chambre de métiers et de l'artisanat (CMA) - Pas-de-Calais,contact@cma-hautsdefrance.fr,"[{""valeur"": ""09 72 72 72 07"", ""description"": """"}]","[{""type_adresse"": ""Adresse"", ""complement1"": """", ""complement2"": """", ""numero_voie"": ""6 rue Copernic"", ""service_distribution"": """", ""code_postal"": ""62027"", ""nom_commune"": ""Arras"", ""pays"": ""France"", ""continent"": ""Europe"", ""longitude"": ""2.730948"", ""latitude"": ""50.29659""}]",62041,"[{""libelle"": """", ""valeur"": ""http://www.cma-hautsdefrance.fr""}]"
Chambre de métiers et de l'artisanat (CMA) - Haute-Saône,n.giboulet@artisanat-bfc.fr,"[{""valeur"": ""03 39 21 22 23"", ""description"": """"}]","[{""type_adresse"": ""Adresse"", ""complement1"": """", ""complement2"": """", ""numero_voie"": ""6 rue Victor-Hugo"", ""service_distribution"": """", ""code_postal"": ""70200"", ""nom_commune"": ""Lure"", ""pays"": ""France"", ""continent"": ""Europe"", ""longitude"": ""6.499957"", ""latitude"": ""47.687687""}]",70310,"[{""libelle"": """", ""valeur"": ""http://www.artisanat-bfc.fr""}]"
Chambre de métiers et de l'artisanat (CMA) - Indre-et-Loire,contact@cma-cvl.fr,"[{""valeur"": ""02 47 25 24 00"", ""description"": """"}]","[{""type_adresse"": ""Adresse"", ""complement1"": """", ""complement2"": """", ""numero_voie"": ""36-42 route de Saint-Avertin"", ""service_distribution"": """", ""code_postal"": ""37200"", ""nom_commune"": ""Tours"", ""pays"": ""France"", ""continent"": ""Europe"", ""longitude"": ""0.708283"", ""latitude"": ""47.36479""}]",37261,"[{""libelle"": """", ""valeur"": ""https://www.crma-centre.fr/""}]"
Chambre de métiers et de l'artisanat (CMA) - Seine-Saint-Denis,cfe.rm@cma93.com,"[{""valeur"": ""01 41 60 75 00"", ""description"": """"}]","[{""type_adresse"": ""Adresse"", ""complement1"": """", ""complement2"": """", ""numero_voie"": ""91-129 rue Édouard-Renard"", ""service_distribution"": """", ""code_postal"": ""93000"", ""nom_commune"": ""Bobigny"", ""pays"": ""France"", ""continent"": ""Europe"", ""longitude"": ""2.45473"", ""latitude"": ""48.9064""}, {""type_adresse"": ""Adresse postale"", ""complement1"": """", ""complement2"": """", ""numero_voie"": ""91-129 rue Édouard-Renard"", ""service_distribution"": """", ""code_postal"": ""93013"", ""nom_commune"": ""Bobigny Cedex 13"", ""pays"": ""France"", ""continent"": ""Europe"", ""longitude"": """", ""latitude"": """"}]",93008,"[{""libelle"": """", ""valeur"": ""http://www.cma93.fr""}]"
Chambre de métiers et de l'artisanat (CMA) - Nièvre,accueil-s58@artisanat-bfc.fr,"[{""valeur"": ""03 73 55 20 20"", ""description"": """"}]","[{""type_adresse"": ""Adresse"", ""complement1"": """", ""complement2"": """", ""numero_voie"": ""9 rue Romain-Baron"", ""service_distribution"": """", ""code_postal"": ""58027"", ""nom_commune"": ""Nevers"", ""pays"": ""France"", ""continent"": ""Europe"", ""longitude"": ""3.128139"", ""latitude"": ""46.981931""}]",58194,"[{""libelle"": """", ""valeur"": ""https://www.artisanat-bfc.fr/""}]"
Chambre de métiers et de l'artisanat (CMA) - Pyrénées-Orientales,contact@cma66.fr,"[{""valeur"": ""04 68 35 88 00"", ""description"": """"}]","[{""type_adresse"": ""Adresse"", ""complement1"": """", ""complement2"": """", ""numero_voie"": ""9 avenue Alfred-Sauvy"", ""service_distribution"": """", ""code_postal"": ""66600"", ""nom_commune"": ""Rivesaltes"", ""pays"": ""France"", ""continent"": ""Europe"", ""longitude"": ""2.899394"", ""latitude"": ""42.786455""}]",66136,"[{""libelle"": """", ""valeur"": ""http://www.cma66.fr""}]"
Chambre de métiers et de l'artisanat (CMA) - Territoire de Belfort,formation90@artisanat-bfc.fr,"[{""valeur"": ""03 39 21 22 23"", ""description"": """"}]","[{""type_adresse"": ""Adresse"", ""complement1"": """", ""complement2"": """", ""numero_voie"": ""40 Grande rue"", ""service_distribution"": """", ""code_postal"": ""90400"", ""nom_commune"": ""Trévenans"", ""pays"": ""France"", ""continent"": ""Europe"", ""longitude"": ""6.860512"", ""latitude"": ""47.577005""}]",90010,"[{""libelle"": """", ""valeur"": ""https://www.cmaformation-bfc.fr/""}]"
Chambre de métiers et de l'artisanat (CMA) - Lozère,contact@cma-lozere.fr,"[{""valeur"": ""04 66 49 12 66"", ""description"": """"}]","[{""type_adresse"": ""Adresse"", ""complement1"": """", ""complement2"": """", ""numero_voie"": ""2 boulevard du Soubeyran"", ""service_distribution"": """", ""code_postal"": ""48000"", ""nom_commune"": ""Mende"", ""pays"": ""France"", ""continent"": ""Europe"", ""longitude"": ""3.499444"", ""latitude"": ""44.516187""}]",48095,"[{""libelle"": """", ""valeur"": ""http://www.cma-lozere.fr""}]"
Chambre de métiers et de l'artisanat (CMA) - Ariège,accueil@cma-ariege.fr,"[{""valeur"": ""05 34 09 88 00"", ""description"": """"}]","[{""type_adresse"": ""Adresse"", ""complement1"": """", ""complement2"": """", ""numero_voie"": ""2 rue Jean-Moulin-Labarre"", ""service_distribution"": """", ""code_postal"": ""09000"", ""nom_commune"": ""Foix"", ""pays"": ""France"", ""continent"": ""Europe"", ""longitude"": ""1.613922"", ""latitude"": ""42.982711""}]",09122,"[{""libelle"": """", ""valeur"": ""http://www.cm-ariege.fr""}]"
Chambre de métiers et de l'artisanat (CMA) - Orne,contact61@cma-normandie.fr,"[{""valeur"": ""02 33 80 00 50"", ""description"": """"}]","[{""type_adresse"": ""Adresse"", ""complement1"": """", ""complement2"": """", ""numero_voie"": ""52 boulevard du 1er-Chasseur"", ""service_distribution"": """", ""code_postal"": ""61000"", ""nom_commune"": ""Alençon"", ""pays"": ""France"", ""continent"": ""Europe"", ""longitude"": ""0.0857720002532"", ""latitude"": ""48.4319000244""}]",61001,"[{""libelle"": """", ""valeur"": ""https://cma-normandie.fr/""}]"
Chambre de métiers et de l'artisanat (CMA) - Yonne,accueil-s89@artisanat-bfc.fr,"[{""valeur"": ""03 73 55 20 20"", ""description"": """"}]","[{""type_adresse"": ""Adresse"", ""complement1"": """", ""complement2"": """", ""numero_voie"": ""56-58 rue du Moulin-du-Président"", ""service_distribution"": """", ""code_postal"": ""89000"", ""nom_commune"": ""Auxerre"", ""pays"": ""France"", ""continent"": ""Europe"", ""longitude"": ""3.5811801"", ""latitude"": ""47.8088635""}]",89024,"[{""libelle"": """", ""valeur"": ""http://www.artisanat-bfc.fr""}]"
Chambre de métiers et de l'artisanat (CMA) - Seine-Maritime,contact76@cma-normandie.fr,"[{""valeur"": ""02 32 18 23 23"", ""description"": """"}]","[{""type_adresse"": ""Adresse"", ""complement1"": """", ""complement2"": """", ""numero_voie"": ""135 boulevard de l'Europe"", ""service_distribution"": """", ""code_postal"": ""76100"", ""nom_commune"": ""Rouen"", ""pays"": ""France"", ""continent"": ""Europe"", ""longitude"": ""1.078393"", ""latitude"": ""49.430194""}, {""type_adresse"": ""Adresse postale"", ""complement1"": """", ""complement2"": """", ""numero_voie"": ""135 boulevard de l'Europe"", ""service_distribution"": """", ""code_postal"": ""76043"", ""nom_commune"": ""Rouen Cedex 1"", ""pays"": ""France"", ""continent"": ""Europe"", ""longitude"": """", ""latitude"": """"}]",76540,"[{""libelle"": """", ""valeur"": ""https://cma-normandie.fr/""}]"
Chambre de métiers et de l'artisanat (CMA) - Corrèze,bonjour@cma-nouvelle-aquitaine.fr,"[{""valeur"": ""05 55 29 95 95"", ""description"": """"}]","[{""type_adresse"": ""Adresse"", ""complement1"": """", ""complement2"": """", ""numero_voie"": ""8 avenue Alsace-Lorraine"", ""service_distribution"": """", ""code_postal"": ""19000"", ""nom_commune"": ""Tulle"", ""pays"": ""France"", ""continent"": ""Europe"", ""longitude"": ""1.7568496"", ""latitude"": ""45.26165""}]",19272,"[{""libelle"": """", ""valeur"": ""https://cma-nouvelleaquitaine.fr/""}]"
Chambre de métiers et de l'artisanat (CMA) - Val-d'Oise,info.95@cma-idf.fr,"[{""valeur"": ""01 34 35 80 00"", ""description"": """"}]","[{""type_adresse"": ""Adresse"", ""complement1"": """", ""complement2"": """", ""numero_voie"": ""1 avenue du Parc"", ""service_distribution"": """", ""code_postal"": ""95010"", ""nom_commune"": ""Cergy-Pontoise"", ""pays"": ""France"", ""continent"": ""Europe"", ""longitude"": ""2.070993"", ""latitude"": ""49.035759""}]",95127,"[{""libelle"": """", ""valeur"": ""http://www.cma95.fr""}]"
Chambre de métiers et de l'artisanat (CMA) - Haute-Corse,contact@cmahc.fr,"[{""valeur"": ""04 95 23 53 00"", ""description"": """"}]","[{""type_adresse"": ""Adresse"", ""complement1"": """", ""complement2"": """", ""numero_voie"": ""25 rue du Juge-Falcone"", ""service_distribution"": """", ""code_postal"": ""20200"", ""nom_commune"": ""Bastia"", ""pays"": ""France"", ""continent"": ""Europe"", ""longitude"": ""9.441665"", ""latitude"": ""42.706182""}]",2B033,"[{""libelle"": """", ""valeur"": ""https://crma-corse.fr/FR/""}]"
Chambre de métiers et de l'artisanat (CMA) - Aude,direction@cm-aude.fr,"[{""valeur"": ""04 68 11 20 00"", ""description"": """"}]","[{""type_adresse"": ""Adresse"", ""complement1"": """", ""complement2"": """", ""numero_voie"": ""20 avenue du Maréchal-Juin"", ""service_distribution"": """", ""code_postal"": ""11890"", ""nom_commune"": ""Carcassonne"", ""pays"": ""France"", ""continent"": ""Europe"", ""longitude"": ""2.37311"", ""latitude"": ""43.2120285""}]",11069,"[{""libelle"": """", ""valeur"": ""https://www.cm-aude.fr/""}]"
Chambre de métiers et de l'artisanat (CMA) - Haute-Garonne,contact@cm-toulouse.fr,"[{""valeur"": ""05 61 10 47 47"", ""description"": """"}]","[{""type_adresse"": ""Adresse"", ""complement1"": """", ""complement2"": """", ""numero_voie"": ""18 bis boulevard Lascrosses"", ""service_distribution"": """", ""code_postal"": ""31000"", ""nom_commune"": ""Toulouse"", ""pays"": ""France"", ""continent"": ""Europe"", ""longitude"": ""1.432583"", ""latitude"": ""43.610045""}, {""type_adresse"": ""Adresse postale"", ""complement1"": """", ""complement2"": """", ""numero_voie"": ""18 bis boulevard Lascrosses"", ""service_distribution"": ""BP 91030"", ""code_postal"": ""31010"", ""nom_commune"": ""Toulouse Cedex 6"", ""pays"": ""France"", ""continent"": ""Europe"", ""longitude"": """", ""latitude"": """"}]",31555,"[{""libelle"": """", ""valeur"": ""http://www.cm-toulouse.fr""}]"
Chambre de métiers et de l'artisanat (CMA) - Bas-Rhin,cma@cm-alsace.fr,"[{""valeur"": ""03 88 19 79 79"", ""description"": """"}]","[{""type_adresse"": ""Adresse"", ""complement1"": ""30 avenue de l'Europe"", ""complement2"": """", ""numero_voie"": ""Espace Européen de lEntreprise"", ""service_distribution"": """", ""code_postal"": ""67300"", ""nom_commune"": ""Schiltigheim"", ""pays"": ""France"", ""continent"": ""Europe"", ""longitude"": ""7.7191058"", ""latitude"": ""48.6152505""}]",67447,"[{""libelle"": """", ""valeur"": ""http://www.cm-alsace.fr""}]"
Chambre de métiers et de l'artisanat (CMA) - Loire-Atlantique,contact44@artisanatpaysdelaloire.fr,"[{""valeur"": ""02 51 13 83 00"", ""description"": """"}]","[{""type_adresse"": ""Adresse"", ""complement1"": """", ""complement2"": """", ""numero_voie"": ""5 allée des Liards"", ""service_distribution"": """", ""code_postal"": ""44980"", ""nom_commune"": ""Sainte-Luce-sur-Loire"", ""pays"": ""France"", ""continent"": ""Europe"", ""longitude"": ""-1.4915781"", ""latitude"": ""47.2629927""}, {""type_adresse"": ""Adresse postale"", ""complement1"": """", ""complement2"": """", ""numero_voie"": ""5 allée des Liards"", ""service_distribution"": """", ""code_postal"": ""44981"", ""nom_commune"": ""Sainte-Luce-sur-Loire Cedex"", ""pays"": ""France"", ""continent"": ""Europe"", ""longitude"": """", ""latitude"": """"}]",44026,"[{""libelle"": """", ""valeur"": ""http://www.artisanatpaysdelaloire.fr""}]"
Chambre de métiers et de l'artisanat (CMA) - Sarthe,accueil72@artisanatpaysdelaloire.fr,"[{""valeur"": ""02 43 74 53 53"", ""description"": """"}]","[{""type_adresse"": ""Adresse"", ""complement1"": """", ""complement2"": """", ""numero_voie"": ""5 cour Étienne-Jules-Marey"", ""service_distribution"": """", ""code_postal"": ""72000"", ""nom_commune"": ""Le Mans"", ""pays"": ""France"", ""continent"": ""Europe"", ""longitude"": ""0.166292"", ""latitude"": ""48.020053""}, {""type_adresse"": ""Adresse postale"", ""complement1"": """", ""complement2"": """", ""numero_voie"": ""5 cour Etienne-Jules-Marley"", ""service_distribution"": ""CS 81630"", ""code_postal"": ""72016"", ""nom_commune"": ""Le Mans Cedex 2"", ""pays"": ""France"", ""continent"": ""Europe"", ""longitude"": """", ""latitude"": """"}]",72181,"[{""libelle"": """", ""valeur"": ""http://www.artisanatpaysdelaloire.fr""}]"
Chambre de métiers et de l'artisanat (CMA) - Ille-et-Vilaine,contact35@cma-bretagne.fr,"[{""valeur"": ""02 23 50 05 00"", ""description"": """"}]","[{""type_adresse"": ""Adresse"", ""complement1"": """", ""complement2"": """", ""numero_voie"": ""2 cours des Alliés"", ""service_distribution"": """", ""code_postal"": ""35000"", ""nom_commune"": ""Rennes"", ""pays"": ""France"", ""continent"": ""Europe"", ""longitude"": ""-1.677098"", ""latitude"": ""48.104994""}]",35238,"[{""libelle"": """", ""valeur"": ""https://www.cma-bretagne.fr/""}]"
Chambre de métiers et de l'artisanat (CMA) - Haute-savoie,contact.hautesavoie@cma-auvergnerhonealpes.fr,"[{""valeur"": ""04 50 23 92 22"", ""description"": """"}]","[{""type_adresse"": ""Adresse"", ""complement1"": """", ""complement2"": """", ""numero_voie"": ""28 avenue de France"", ""service_distribution"": """", ""code_postal"": ""74000"", ""nom_commune"": ""Annecy"", ""pays"": ""France"", ""continent"": ""Europe"", ""longitude"": ""6.138246"", ""latitude"": ""45.910133""}]",74010,"[{""libelle"": """", ""valeur"": ""https://www.cma-hautesavoie.fr/""}]"
Chambre de métiers et de l'artisanat (CMA) - Guyane,r.habran@cfa-guyane.fr,"[{""valeur"": ""05 94 25 24 70"", ""description"": """"}]","[{""type_adresse"": ""Adresse"", ""complement1"": """", ""complement2"": """", ""numero_voie"": ""41 Zone Artisanale Galmot"", ""service_distribution"": """", ""code_postal"": ""97300"", ""nom_commune"": ""cayenne"", ""pays"": ""France"", ""continent"": ""Europe"", ""longitude"": ""-52.328774"", ""latitude"": ""4.93032""}, {""type_adresse"": ""Adresse postale"", ""complement1"": """", ""complement2"": """", ""numero_voie"": ""41 Zone Artisanale Galmot"", ""service_distribution"": ""BP176"", ""code_postal"": ""97300"", ""nom_commune"": ""cayenne"", ""pays"": ""France"", ""continent"": ""Europe"", ""longitude"": """", ""latitude"": """"}]",97302,"[{""libelle"": """", ""valeur"": ""https://cma-guyane.fr""}]"
Chambre de métiers et de l'artisanat (CMA) - Charente-Maritime,bonjour@cma-nouvelle-aquitaine.fr,"[{""valeur"": ""05 46 50 00 00"", ""description"": """"}]","[{""type_adresse"": ""Adresse"", ""complement1"": """", ""complement2"": """", ""numero_voie"": ""107 avenue Michel-Crépeau"", ""service_distribution"": """", ""code_postal"": ""17000"", ""nom_commune"": ""La Rochelle"", ""pays"": ""France"", ""continent"": ""Europe"", ""longitude"": ""-1.15853"", ""latitude"": ""46.1482""}]",17300,"[{""libelle"": """", ""valeur"": ""https://cma-nouvelleaquitaine.fr/""}]"
Chambre de métiers et de l'artisanat (CMA) - Var,contact83@cmar-paca.fr,"[{""valeur"": ""04 94 61 99 00"", ""description"": """"}]","[{""type_adresse"": ""Adresse"", ""complement1"": """", ""complement2"": """", ""numero_voie"": ""Avenue des Frères-Lumière"", ""service_distribution"": """", ""code_postal"": ""83160"", ""nom_commune"": ""La Valette-du-Var"", ""pays"": ""France"", ""continent"": ""Europe"", ""longitude"": ""5.9831"", ""latitude"": ""43.1374""}]",83137,"[{""libelle"": """", ""valeur"": ""https://www.cmar-paca.fr/""}]"
Chambre de métiers et de l'artisanat (CMA) - Loir-et-Cher,espaceconseil@cma-41.fr,"[{""valeur"": ""02 54 44 65 83"", ""description"": """"}]","[{""type_adresse"": ""Adresse"", ""complement1"": """", ""complement2"": """", ""numero_voie"": ""16 rue de la Vallée-Maillard"", ""service_distribution"": """", ""code_postal"": ""41000"", ""nom_commune"": ""Blois"", ""pays"": ""France"", ""continent"": ""Europe"", ""longitude"": ""1.33323"", ""latitude"": ""47.610257""}]",41018,"[{""libelle"": """", ""valeur"": ""http://www.cma-41.fr""}]"
Chambre de métiers et de l'artisanat (CMA) - Landes,bonjour@cma-nouvelle-aquitaine.fr,"[{""valeur"": ""05 58 05 81 81"", ""description"": """"}]","[{""type_adresse"": ""Adresse"", ""complement1"": """", ""complement2"": """", ""numero_voie"": ""41 avenue Henri-Farbos"", ""service_distribution"": """", ""code_postal"": ""40000"", ""nom_commune"": ""Mont-de-Marsan"", ""pays"": ""France"", ""continent"": ""Europe"", ""longitude"": ""-0.510245978832"", ""latitude"": ""43.8946990967""}]",40192,"[{""libelle"": """", ""valeur"": ""https://cma-nouvelleaquitaine.fr/""}]"
Chambre de métiers et de l'artisanat (CMA) - Meurthe-et-Moselle,contact54@cma-grandest.fr,"[{""valeur"": ""03 83 95 60 60"", ""description"": """"}]","[{""type_adresse"": ""Adresse"", ""complement1"": """", ""complement2"": """", ""numero_voie"": ""4 rue de la Vologne"", ""service_distribution"": """", ""code_postal"": ""54520"", ""nom_commune"": ""Laxou"", ""pays"": ""France"", ""continent"": ""Europe"", ""longitude"": ""6.1350134"", ""latitude"": ""48.6959312""}]",54304,"[{""libelle"": """", ""valeur"": ""https://cma-grandest.fr/""}]"
Chambre de métiers et de l'artisanat (CMA) - Yvelines,cfa78@cma-idf.fr,"[{""valeur"": ""01 39 43 43 43"", ""description"": """"}]","[{""type_adresse"": ""Adresse"", ""complement1"": """", ""complement2"": """", ""numero_voie"": ""19 avenue du Général-Mangin"", ""service_distribution"": """", ""code_postal"": ""78000"", ""nom_commune"": ""Versailles"", ""pays"": ""France"", ""continent"": ""Europe"", ""longitude"": ""2.139412"", ""latitude"": ""48.813575""}]",78646,"[{""libelle"": """", ""valeur"": ""http://www.cm-yvelines.fr""}]"
Chambre de métiers et de l'artisanat (CMA) - Aveyron,artisanat@cm-aveyron.fr,"[{""valeur"": ""05 65 77 56 00"", ""description"": """"}]","[{""type_adresse"": ""Adresse"", ""complement1"": ""341 rue des Métiers"", ""complement2"": """", ""numero_voie"": ""Parc d'activité de Cantaranne"", ""service_distribution"": """", ""code_postal"": ""12850"", ""nom_commune"": ""Onet-le-Château"", ""pays"": ""France"", ""continent"": ""Europe"", ""longitude"": ""2.60448599999995"", ""latitude"": ""44.361026""}, {""type_adresse"": ""Adresse postale"", ""complement1"": ""341 rue des Métiers"", ""complement2"": """", ""numero_voie"": ""Parc d'activité de Cantaranne"", ""service_distribution"": ""CS 23350"", ""code_postal"": ""12033"", ""nom_commune"": ""Rodez Cedex 9"", ""pays"": ""France"", ""continent"": ""Europe"", ""longitude"": """", ""latitude"": """"}]",12202,"[{""libelle"": """", ""valeur"": ""http://www.cm-aveyron.fr""}]"
Chambre de métiers et de l'artisanat (CMA) - Morbihan,contact56@cma-bretagne.fr,"[{""valeur"": ""02 52 07 70 00"", ""description"": """"}]","[{""type_adresse"": ""Adresse"", ""complement1"": """", ""complement2"": """", ""numero_voie"": ""10 boulevard des Îles"", ""service_distribution"": """", ""code_postal"": ""56000"", ""nom_commune"": ""Vannes"", ""pays"": ""France"", ""continent"": ""Europe"", ""longitude"": ""-2.788447"", ""latitude"": ""47.6518""}]",56260,"[{""libelle"": """", ""valeur"": ""https://www.cma-bretagne.fr/""}]"
Chambre de métiers et de l'artisanat (CMA) - Jura,contact39@artisanat-bfc.fr,"[{""valeur"": ""03 73 55 20 20"", ""description"": """"}]","[{""type_adresse"": ""Adresse"", ""complement1"": """", ""complement2"": """", ""numero_voie"": ""17 rue Jules-Bury"", ""service_distribution"": """", ""code_postal"": ""39000"", ""nom_commune"": ""Lons-le-Saunier"", ""pays"": ""France"", ""continent"": ""Europe"", ""longitude"": ""5.54497003555"", ""latitude"": ""46.6761016846""}]",39300,"[{""libelle"": """", ""valeur"": ""http://www.artisanat-bfc.fr""}]"
Chambre de métiers et de l'artisanat (CMA) - La Réunion,cdm@cma-reunion.fr,"[{""valeur"": ""02 62 21 04 35"", ""description"": """"}]","[{""type_adresse"": ""Adresse"", ""complement1"": """", ""complement2"": """", ""numero_voie"": ""42 rue Jean-Cocteau"", ""service_distribution"": """", ""code_postal"": ""97490"", ""nom_commune"": ""Sainte-Clotilde"", ""pays"": ""France"", ""continent"": ""Europe"", ""longitude"": ""55.465903"", ""latitude"": ""-20.889589""}]",97411,"[{""libelle"": """", ""valeur"": ""http://www.artisanat974.re""}]"
Chambre de métiers et de l'artisanat (CMA) - Maine-et-Loire,contact49@artisanatpaysdelaloire.fr,"[{""valeur"": ""02 41 22 61 00"", ""description"": """"}]","[{""type_adresse"": ""Adresse"", ""complement1"": """", ""complement2"": """", ""numero_voie"": ""5 rue Darwin"", ""service_distribution"": """", ""code_postal"": ""49000"", ""nom_commune"": ""Angers"", ""pays"": ""France"", ""continent"": ""Europe"", ""longitude"": ""-0.602758"", ""latitude"": ""47.474782""}, {""type_adresse"": ""Adresse postale"", ""complement1"": """", ""complement2"": """", ""numero_voie"": ""5 rue Darwin"", ""service_distribution"": ""CS80806"", ""code_postal"": ""49008"", ""nom_commune"": ""Angers Cedex 1"", ""pays"": ""France"", ""continent"": ""Europe"", ""longitude"": """", ""latitude"": """"}]",49007,"[{""libelle"": """", ""valeur"": ""https://www.artisanatpaysdelaloire.fr/""}]"
Chambre de métiers et de l'artisanat (CMA) - Calvados,contact14@cma-normandie.fr,"[{""valeur"": ""02 31 53 25 00"", ""description"": """"}]","[{""type_adresse"": ""Adresse"", ""complement1"": """", ""complement2"": """", ""numero_voie"": ""2 rue Claude-Bloch"", ""service_distribution"": """", ""code_postal"": ""14000"", ""nom_commune"": ""Caen"", ""pays"": ""France"", ""continent"": ""Europe"", ""longitude"": ""-0.359734"", ""latitude"": ""49.211193""}, {""type_adresse"": ""Adresse postale"", ""complement1"": """", ""complement2"": """", ""numero_voie"": ""2 rue Claude-Bloch"", ""service_distribution"": ""CS 15205"", ""code_postal"": ""14074"", ""nom_commune"": ""Caen Cedex 5"", ""pays"": ""France"", ""continent"": ""Europe"", ""longitude"": """", ""latitude"": """"}]",14118,"[{""libelle"": """", ""valeur"": ""https://cma-normandie.fr/""}]"
Chambre de métiers et de l'artisanat (CMA) - Savoie,contact.savoie@cma-auvergnerhonealpes.fr,"[{""valeur"": ""04 79 69 94 00"", ""description"": """"}]","[{""type_adresse"": ""Adresse"", ""complement1"": """", ""complement2"": """", ""numero_voie"": ""17 allée du Lac-de-Tignes"", ""service_distribution"": """", ""code_postal"": ""73290"", ""nom_commune"": ""La Motte-Servolex"", ""pays"": ""France"", ""continent"": ""Europe"", ""longitude"": ""5.871845"", ""latitude"": ""45.637902""}]",73065,"[{""libelle"": """", ""valeur"": ""https://www.cma-savoie.fr/""}]"
Chambre de métiers et de l'artisanat (CMA) - Seine-et-Marne,secretariat.melun@cma-idf.fr,"[{""valeur"": ""01 64 79 26 60"", ""description"": """"}]","[{""type_adresse"": ""Adresse"", ""complement1"": ""Château Gruber"", ""complement2"": """", ""numero_voie"": ""4 avenue du Général-Leclerc"", ""service_distribution"": """", ""code_postal"": ""77000"", ""nom_commune"": ""Melun"", ""pays"": ""France"", ""continent"": ""Europe"", ""longitude"": ""2.652193"", ""latitude"": ""48.526163""}]",77305,"[{""libelle"": """", ""valeur"": ""http://www.cma77.fr""}]"
Chambre de métiers et de l'artisanat (CMA) - Alpes-de-Haute-Provence,contact04@cmar-paca.fr,"[{""valeur"": ""04 92 30 90 90"", ""description"": """"}]","[{""type_adresse"": ""Adresse"", ""complement1"": """", ""complement2"": """", ""numero_voie"": ""23 allée des Fontainiers"", ""service_distribution"": """", ""code_postal"": ""04000"", ""nom_commune"": ""Digne-les-Bains"", ""pays"": ""France"", ""continent"": ""Europe"", ""longitude"": ""6.23305"", ""latitude"": ""44.093393""}]",04070,"[{""libelle"": """", ""valeur"": ""https://www.cmar-paca.fr""}]"
Chambre de métiers et de l'artisanat (CMA) - Deux-Sèvres,bonjour@cma-nouvelle-aquitaine.fr,"[{""valeur"": ""05 49 77 22 00"", ""description"": """"}]","[{""type_adresse"": ""Adresse"", ""complement1"": """", ""complement2"": """", ""numero_voie"": ""22 rue des Herbillaux"", ""service_distribution"": """", ""code_postal"": ""79000"", ""nom_commune"": ""Niort"", ""pays"": ""France"", ""continent"": ""Europe"", ""longitude"": ""-0.414976"", ""latitude"": ""46.336""}]",79191,"[{""libelle"": """", ""valeur"": ""https://cma-nouvelleaquitaine.fr/""}]"
Chambre de métiers et de l'artisanat (CMA) - Haute-Vienne,bonjour@cma-nouvelle-aquitaine.fr,"[{""valeur"": ""05 55 45 27 00"", ""description"": """"}]","[{""type_adresse"": ""Adresse"", ""complement1"": """", ""complement2"": """", ""numero_voie"": ""12 avenue Garibaldi"", ""service_distribution"": """", ""code_postal"": ""87000"", ""nom_commune"": ""Limoges"", ""pays"": ""France"", ""continent"": ""Europe"", ""longitude"": ""1.261824"", ""latitude"": ""45.833157""}]",87085,"[{""libelle"": """", ""valeur"": ""https://cma-nouvelleaquitaine.fr/""}]"
Chambre de métiers et de l'artisanat (CMA) - Marne,accueil@cm-marne.fr,"[{""valeur"": ""03 26 40 64 94"", ""description"": """"}]","[{""type_adresse"": ""Adresse"", ""complement1"": """", ""complement2"": """", ""numero_voie"": ""68 boulevard Lundy"", ""service_distribution"": """", ""code_postal"": ""51100"", ""nom_commune"": ""Reims"", ""pays"": ""France"", ""continent"": ""Europe"", ""longitude"": ""4.032977"", ""latitude"": ""49.261463""}, {""type_adresse"": ""Adresse postale"", ""complement1"": """", ""complement2"": """", ""numero_voie"": ""68 boulevard Lundy"", ""service_distribution"": ""BP 62746"", ""code_postal"": ""51062"", ""nom_commune"": ""Reims"", ""pays"": ""France"", ""continent"": ""Europe"", ""longitude"": """", ""latitude"": """"}]",51454,"[{""libelle"": """", ""valeur"": ""https://www.cm-marne.fr/""}]"
Chambre de métiers et de l'artisanat (CMA) - Loiret,cma45_accueil@cma-cvl.fr,"[{""valeur"": ""02 38 68 08 68"", ""description"": """"}]","[{""type_adresse"": ""Adresse"", ""complement1"": """", ""complement2"": """", ""numero_voie"": ""28 rue du Faubourg-Bourgogne"", ""service_distribution"": """", ""code_postal"": ""45000"", ""nom_commune"": ""Orléans"", ""pays"": ""France"", ""continent"": ""Europe"", ""longitude"": ""1.922389"", ""latitude"": ""47.901399""}]",45234,"[{""libelle"": """", ""valeur"": ""https://www.cma45.fr/""}]"
Chambre de métiers et de l'artisanat (CMA) - Dordogne,bonjour@cma-nouvelle-aquitaine.fr,"[{""valeur"": ""05 53 35 87 00"", ""description"": """"}]","[{""type_adresse"": ""Adresse"", ""complement1"": """", ""complement2"": """", ""numero_voie"": ""295 boulevard des Saveurs"", ""service_distribution"": """", ""code_postal"": ""24660"", ""nom_commune"": ""Coulounieix-Chamiers"", ""pays"": ""France"", ""continent"": ""Europe"", ""longitude"": ""0.698222"", ""latitude"": ""45.145612""}]",24322,"[{""libelle"": """", ""valeur"": ""https://cma-nouvelleaquitaine.fr/""}]"
Chambre de métiers et de l'artisanat (CMA) - Corse,accma@cma.corsica,"[{""valeur"": ""04 95 23 53 00"", ""description"": """"}]","[{""type_adresse"": ""Adresse"", ""complement1"": """", ""complement2"": """", ""numero_voie"": ""Chemin de la Sposata"", ""service_distribution"": """", ""code_postal"": ""20090"", ""nom_commune"": ""Ajaccio"", ""pays"": ""France"", ""continent"": ""Europe"", ""longitude"": ""8.755947"", ""latitude"": ""41.946712""}, {""type_adresse"": ""Adresse postale"", ""complement1"": """", ""complement2"": """", ""numero_voie"": ""Chemin de la Sposata"", ""service_distribution"": ""BP 40958"", ""code_postal"": ""20700"", ""nom_commune"": ""Ajaccio Cedex 9"", ""pays"": ""France"", ""continent"": ""Europe"", ""longitude"": """", ""latitude"": """"}]",2A004,"[{""libelle"": """", ""valeur"": ""http://www.crma-corse.fr""}]"
Chambre de métiers et de l'artisanat (CMA) - Moselle,serviceclient@cma-moselle.fr,"[{""valeur"": ""03 87 39 31 00"", ""description"": """"}]","[{""type_adresse"": ""Adresse"", ""complement1"": """", ""complement2"": """", ""numero_voie"": ""5 boulevard de la Défense"", ""service_distribution"": """", ""code_postal"": ""57070"", ""nom_commune"": ""Metz"", ""pays"": ""France"", ""continent"": ""Europe"", ""longitude"": ""6.21109"", ""latitude"": ""49.106618""}, {""type_adresse"": ""Adresse postale"", ""complement1"": """", ""complement2"": """", ""numero_voie"": ""5 boulevard de la Défense"", ""service_distribution"": ""CS 85840"", ""code_postal"": ""57078"", ""nom_commune"": ""Metz Cedex 3"", ""pays"": ""France"", ""continent"": ""Europe"", ""longitude"": """", ""latitude"": """"}]",57463,"[{""libelle"": """", ""valeur"": ""http://www.cma-moselle.fr""}]"
Chambre de métiers et de l'artisanat (CMA) - Drôme,catherine.francois@cma-auvergnerhonealpes.fr,"[{""valeur"": ""04 75 48 72 00"", ""description"": """"}]","[{""type_adresse"": ""Adresse"", ""complement1"": ""Rue Étienne-Dolet"", ""complement2"": """", ""numero_voie"": ""Le Clos des Tanneurs"", ""service_distribution"": """", ""code_postal"": ""26281"", ""nom_commune"": ""Romans-sur-Isère"", ""pays"": ""France"", ""continent"": ""Europe"", ""longitude"": ""5.061377"", ""latitude"": ""45.04203""}, {""type_adresse"": ""Adresse postale"", ""complement1"": ""Rue Étienne-Dolet"", ""complement2"": """", ""numero_voie"": ""Le Clos des Tanneurs"", ""service_distribution"": ""BP 153"", ""code_postal"": ""26104"", ""nom_commune"": ""Romans-sur-Isère Cedex"", ""pays"": ""France"", ""continent"": ""Europe"", ""longitude"": """", ""latitude"": """"}]",26281,"[{""libelle"": """", ""valeur"": ""http://www.cma-drome.fr""}]"
Chambre de métiers et de l'artisanat (CMA) - Eure-et-Loir,info.contact@cma-cvl.fr,"[{""valeur"": ""02 37 91 57 00"", ""description"": """"}]","[{""type_adresse"": ""Adresse"", ""complement1"": """", ""complement2"": """", ""numero_voie"": ""2 rue d'Aquitaine"", ""service_distribution"": """", ""code_postal"": ""28110"", ""nom_commune"": ""Lucé"", ""pays"": ""France"", ""continent"": ""Europe"", ""longitude"": ""1.449469"", ""latitude"": ""48.436349""}]",28085,"[{""libelle"": """", ""valeur"": ""https://www.cma28.fr/""}]"
Chambre de métiers et de l'artisanat (CMA) - Mayenne,accueil53@artisanatpaysdelaloire.fr,"[{""valeur"": ""02 43 49 88 88"", ""description"": """"}]","[{""type_adresse"": ""Adresse"", ""complement1"": """", ""complement2"": """", ""numero_voie"": ""39 quai André-Pinson"", ""service_distribution"": """", ""code_postal"": ""53002"", ""nom_commune"": ""Laval"", ""pays"": ""France"", ""continent"": ""Europe"", ""longitude"": ""-0.7715504"", ""latitude"": ""48.0721955""}, {""type_adresse"": ""Adresse postale"", ""complement1"": """", ""complement2"": """", ""numero_voie"": ""39 quai André-Pinson"", ""service_distribution"": ""CS 30227"", ""code_postal"": ""53002"", ""nom_commune"": ""Laval Cedex"", ""pays"": ""France"", ""continent"": ""Europe"", ""longitude"": """", ""latitude"": """"}]",53130,"[{""libelle"": """", ""valeur"": ""http://www.artisanatpaysdelaloire.fr""}]"
Chambre de métiers et de l'artisanat (CMA) - Doubs,contact25@artisanat-bfc.fr,"[{""valeur"": ""03 73 55 20 20"", ""description"": """"}]","[{""type_adresse"": ""Adresse"", ""complement1"": ""Bâtiment B"", ""complement2"": """", ""numero_voie"": ""101 rue de Vesoul"", ""service_distribution"": """", ""code_postal"": ""25000"", ""nom_commune"": ""Besançon"", ""pays"": ""France"", ""continent"": ""Europe"", ""longitude"": ""6.0236947"", ""latitude"": ""47.2341504""}]",25056,"[{""libelle"": """", ""valeur"": ""http://www.artisanat-bfc.fr""}]"
Chambre de métiers et de l'artisanat (CMA) - Allier,contact.allier@cma-auvergnerhonealpes.fr,"[{""valeur"": ""04 70 46 20 20"", ""description"": """"}]","[{""type_adresse"": ""Adresse"", ""complement1"": """", ""complement2"": """", ""numero_voie"": ""7 rue Émile-Guillaumin"", ""service_distribution"": """", ""code_postal"": ""03017"", ""nom_commune"": ""Moulins"", ""pays"": ""France"", ""continent"": ""Europe"", ""longitude"": ""3.33588"", ""latitude"": ""46.572368""}, {""type_adresse"": ""Adresse postale"", ""complement1"": """", ""complement2"": """", ""numero_voie"": ""7 rue Émile-Guillaumin"", ""service_distribution"": ""BP 1703"", ""code_postal"": ""03017"", ""nom_commune"": ""Moulins Cedex"", ""pays"": ""France"", ""continent"": ""Europe"", ""longitude"": """", ""latitude"": """"}]",03190,"[{""libelle"": """", ""valeur"": ""https://www.cma-allier.fr""}]"
Chambre de métiers et de l'artisanat (CMA) - Hautes-Pyrénées,contact@cma65.fr,"[{""valeur"": ""05 62 56 60 60"", ""description"": """"}]","[{""type_adresse"": ""Adresse"", ""complement1"": """", ""complement2"": """", ""numero_voie"": ""10 bis rue du 4-Septembre"", ""service_distribution"": """", ""code_postal"": ""65000"", ""nom_commune"": ""Tarbes"", ""pays"": ""France"", ""continent"": ""Europe"", ""longitude"": ""0.080188"", ""latitude"": ""43.22889""}, {""type_adresse"": ""Adresse postale"", ""complement1"": """", ""complement2"": """", ""numero_voie"": ""10 bis rue du 4-Septembre"", ""service_distribution"": ""BP 336"", ""code_postal"": ""65003"", ""nom_commune"": ""Tarbes Cedex"", ""pays"": ""France"", ""continent"": ""Europe"", ""longitude"": """", ""latitude"": """"}]",65440,"[{""libelle"": """", ""valeur"": ""https://www.cma65.fr/""}]"
Chambre de métiers et de l'artisanat (CMA) - Vosges,chambre.metiers@cma-vosges.fr,"[{""valeur"": ""03 29 69 55 55"", ""description"": """"}]","[{""type_adresse"": ""Adresse"", ""complement1"": ""22 rue Léo-Valentin"", ""complement2"": ""Parc économique de la Voivre"", ""numero_voie"": ""Cité de l'artisanat et de l'entreprise"", ""service_distribution"": """", ""code_postal"": ""88000"", ""nom_commune"": ""Épinal"", ""pays"": ""France"", ""continent"": ""Europe"", ""longitude"": ""6.463464"", ""latitude"": ""48.202592""}]",88160,"[{""libelle"": """", ""valeur"": ""http://www.cma-vosges.fr""}]"
Chambre de métiers et de l'artisanat (CMA) - Ain,contact.ain@cma-auvergnerhonealpes.fr,"[{""valeur"": ""04 74 47 49 00"", ""description"": """"}]","[{""type_adresse"": ""Adresse"", ""complement1"": """", ""complement2"": """", ""numero_voie"": ""102 boulevard Édouard-Herriot"", ""service_distribution"": ""CS 20123"", ""code_postal"": ""01004"", ""nom_commune"": ""Bourg-en-Bresse"", ""pays"": ""France"", ""continent"": ""Europe"", ""longitude"": ""5.222715"", ""latitude"": ""46.210105""}, {""type_adresse"": ""Adresse postale"", ""complement1"": """", ""complement2"": """", ""numero_voie"": ""102 boulevard Édouard-Herriot"", ""service_distribution"": ""CS 20123"", ""code_postal"": ""01004"", ""nom_commune"": ""Bourg-en-Bresse"", ""pays"": ""France"", ""continent"": ""Europe"", ""longitude"": ""5.222715"", ""latitude"": ""46.210105""}]",01053,"[{""libelle"": """", ""valeur"": ""https://www.cma-ain.fr""}]"
Chambre de métiers et de l'artisanat (CMA) - Lot-et-Garonne,bonjour@cma-nouvelle-aquitaine.fr,"[{""valeur"": ""05 53 77 47 77"", ""description"": """"}]","[{""type_adresse"": ""Adresse"", ""complement1"": """", ""complement2"": """", ""numero_voie"": ""2 impasse Morère"", ""service_distribution"": """", ""code_postal"": ""47004"", ""nom_commune"": ""Agen"", ""pays"": ""France"", ""continent"": ""Europe"", ""longitude"": ""0.623374998569"", ""latitude"": ""44.1946983337""}, {""type_adresse"": ""Adresse postale"", ""complement1"": """", ""complement2"": """", ""numero_voie"": ""2 impasse Morère"", ""service_distribution"": ""CS 70118"", ""code_postal"": ""47004"", ""nom_commune"": ""Agen Cedex"", ""pays"": ""France"", ""continent"": ""Europe"", ""longitude"": """", ""latitude"": """"}]",47001,"[{""libelle"": """", ""valeur"": ""https://cma-nouvelleaquitaine.fr/""}]"
Chambre de métiers et de l'artisanat (CMA) - Isère - Grenoble,contact.isere@cma-auvergnerhonealpes.fr,"[{""valeur"": ""04 76 70 82 09"", ""description"": """"}]","[{""type_adresse"": ""Adresse"", ""complement1"": ""Délégation de l'Isère"", ""complement2"": """", ""numero_voie"": ""20 rue des Arts-et-métiers"", ""service_distribution"": """", ""code_postal"": ""38026"", ""nom_commune"": ""Grenoble"", ""pays"": ""France"", ""continent"": ""Europe"", ""longitude"": ""5.704380984280448"", ""latitude"": ""45.18463901485532""}, {""type_adresse"": ""Adresse postale"", ""complement1"": """", ""complement2"": """", ""numero_voie"": ""20 rue des Arts-et-métiers"", ""service_distribution"": ""CS 20055"", ""code_postal"": ""38026"", ""nom_commune"": ""Grenoble Cedex 1"", ""pays"": ""France"", ""continent"": ""Europe"", ""longitude"": ""5.704380984280448"", ""latitude"": ""45.18463901485532""}]",38185,"[{""libelle"": """", ""valeur"": ""https://www.cma-isere.fr""}]"
Chambre de métiers et de l'artisanat (CMA) - Ardèche,contact@cma-ardeche.fr,"[{""valeur"": ""04 75 07 54 00"", ""description"": """"}]","[{""type_adresse"": ""Adresse"", ""complement1"": ""Délégation de l'Ardèche"", ""complement2"": """", ""numero_voie"": ""70 allée des Ondines"", ""service_distribution"": """", ""code_postal"": ""07503"", ""nom_commune"": ""Guilherand-Granges"", ""pays"": ""France"", ""continent"": ""Europe"", ""longitude"": ""4.8756"", ""latitude"": ""44.9353""}, {""type_adresse"": ""Adresse postale"", ""complement1"": """", ""complement2"": """", ""numero_voie"": ""70 allée des Ondines"", ""service_distribution"": ""BP 356"", ""code_postal"": ""07503"", ""nom_commune"": ""Guilherand-Granges"", ""pays"": ""France"", ""continent"": ""Europe"", ""longitude"": ""4.8756"", ""latitude"": ""44.9353""}]",07102,"[{""libelle"": """", ""valeur"": ""https://www.cma-ardeche.fr""}]"